-87.6140594,41.6449356,0.0
-87.5371017,41.6492233,30.476190476190478
-87.5487366,41.6511154,17.51824817518248
-87.5431671,41.6520653,26.82926829268293
-87.5371094,41.6528549,30.476190476190478
-87.5487289,41.6552811,14.893617021276595
-87.5552902,41.6568108,1.7341040462427744
-87.639473,41.6587029,6.521739130434782
-87.6404495,41.6596832,7.857142857142857
-87.5486908,41.6602707,11.585365853658537
-87.5564957,41.6619339,1.4218009478672986
-87.6183243,41.664402,4.285714285714286
-87.5516357,41.6656151,1.36986301369863
-87.6205444,41.6671829,7.43801652892562
-87.636467,41.6692505,9.943181818181818
-87.6408157,41.6707001,12.994350282485875
-87.6437836,41.6713448,13.068181818181818
-87.6305389,41.6715622,6.10079575596817
-87.6547928,41.6728897,8.022922636103152
-87.6269836,41.6733971,5.167958656330749
-87.6609497,41.6747894,9.35672514619883
-87.616188,41.6755104,34.584450402144775
-87.6379089,41.676506,11.455847255369928
-87.636734,41.6773376,11.455847255369928
-87.6174469,41.6779099,34.29319371727749
-87.6174622,41.6785164,34.02597402597402
-87.6391907,41.6791344,11.188811188811188
-87.6399002,41.6795502,11.162790697674419
-87.6351929,41.6799812,11.162790697674419
-87.6816711,41.6800003,6.702412868632708
-87.6453171,41.6809769,10.46770601336303
-87.670639,41.6812363,13.089005235602095
-87.6381378,41.6815529,10.95890410958904
-87.6381607,41.6821136,10.909090909090908
-87.6291504,41.6825447,7.042253521126761
-87.6490097,41.6822662,11.441647597254006
-87.6409225,41.6832352,11.037527593818984
-87.6186676,41.6835823,172.56857855361596
-87.6721115,41.6836891,13.636363636363635
-87.6256561,41.6846008,7.328605200945626
-87.6575623,41.6851387,11.556603773584905
-87.6341858,41.6854439,9.839816933638444
-87.6546936,41.6860275,7.077625570776255
-87.7014313,41.6868248,14.058355437665782
-87.6321793,41.686306,6.772009029345373
-87.660675,41.6872139,10.864745011086473
-87.6329041,41.6873398,6.401766004415011
-87.6106262,41.6876717,185.42713567839195
-87.6682663,41.6883392,11.415525114155251
-87.5349121,41.6873055,8.4070796460177
-87.7047501,41.6892357,13.066666666666665
-87.6604614,41.6895905,9.936575052854122
-87.6492462,41.6897507,8.764940239043826
-87.5313187,41.6889648,1.7937219730941705
-87.5320129,41.6891098,1.7937219730941705
-87.7101822,41.6911621,16.621983914209114
-87.6077576,41.6911964,183.12655086848636
-87.638382,41.6918564,8.704453441295547
-87.6403122,41.6921196,8.651911468812877
-87.7102737,41.6925278,16.48936170212766
-87.6287003,41.6927834,6.666666666666667
-87.6513824,41.6934204,3.4990791896869244
-87.6242676,41.6937447,6.783369803063458
-87.6606827,41.6942329,9.090909090909092
-87.7074127,41.6942062,16.5374677002584
-87.6880112,41.6944542,8.009708737864079
-87.6408997,41.694912,8.237547892720306
-87.6367722,41.6951561,8.25147347740668
-87.6568146,41.6960869,73.98230088495575
-87.7006531,41.6961365,14.496314496314497
-87.6990128,41.6972198,14.457831325301203
-87.529007,41.6964378,13.839285714285715
-87.5344238,41.6963158,355.3648068669528
-87.7068481,41.6976852,11.055276381909549
-87.6858826,41.6979218,10.854503464203233
-87.6685104,41.6986046,11.281070745697896
-87.6081085,41.6986351,170.76566125290023
-87.6107407,41.698658,168.8073394495413
-87.5392532,41.6983604,343.56846473029043
-87.5373611,41.6989098,350.8474576271186
-87.6417542,41.6999092,9.025270758122744
-87.6253052,41.7000999,9.166666666666666
-87.6786499,41.7002335,11.85031185031185
-87.6199875,41.7007141,7.773109243697479
-87.6441956,41.700531,8.896797153024911
-87.6338806,41.7008476,5.471698113207547
-87.6218033,41.7016411,8.793456032719837
-87.6316299,41.7018585,7.196969696969697
-87.5422134,41.7014809,324.70588235294116
-87.6193466,41.7024918,8.8659793814433
-87.6459961,41.7023315,8.650519031141869
-87.6261368,41.7033501,8.481262327416173
-87.538559,41.7031479,350.2092050209205
-87.6140518,41.7039948,157.14285714285714
-87.6406326,41.7030449,8.994708994708994
-87.64431,41.7041817,6.206896551724138
-87.6313629,41.7049789,3.525046382189239
-87.6395035,41.7055016,6.228373702422145
-87.6311111,41.7055054,3.505535055350553
-87.610939,41.7058525,153.862660944206
-87.6448593,41.7057953,6.070826306913997
-87.6046829,41.7062759,161.6407982261641
-87.6170425,41.7061577,8.902691511387163
-87.6420975,41.7071991,6.122448979591836
-87.6825867,41.7074928,4.081632653061225
-87.5617294,41.7070847,280.2013422818792
-87.6177979,41.7080574,8.514851485148515
-87.5416641,41.7073097,324.4186046511628
-87.6178131,41.708725,8.349514563106796
-87.6251144,41.7092857,6.713780918727916
-87.5344162,41.7087708,368.9075630252101
-87.5617523,41.7090302,276.49006622516555
-87.6117477,41.709919,145.54655870445345
-87.6075668,41.7108002,200.8281573498965
-87.5368423,41.7108498,359.8360655737705
-87.6086578,41.7114983,194.3887775551102
-87.6105804,41.7116356,190.19607843137254
-87.6511536,41.7127457,59.329446064139944
-87.6898651,41.7133064,4.021937842778794
-87.5520248,41.7128334,143.88489208633092
-87.5606155,41.7132568,277.33333333333337
-87.6300201,41.713459,76.11464968152866
-87.5661545,41.7143593,313.7931034482759
-87.6348114,41.7154655,12.364760432766616
-87.6305847,41.7158737,204.21216848673947
-87.5985565,41.7157631,117.90123456790123
-87.5325165,41.7164841,362.5
-87.5558243,41.7163467,18.620689655172416
-87.5373459,41.717392,350.80645161290323
-87.6471176,41.7181587,10.646900269541778
-87.6743698,41.7183189,5.028735632183908
-87.5380478,41.7185593,345.23809523809524
-87.636734,41.719017,11.815561959654179
-87.6307068,41.7199783,235.17138599105812
-87.6699219,41.7199936,5.950840879689522
-87.629509,41.7207146,233.38257016248153
-87.61689,41.7210045,264.0394088669951
-87.5373611,41.720993,345.23809523809524
-87.5774078,41.7213135,137.67705382436262
-87.6723785,41.7222061,4.241645244215938
-87.6201324,41.7225533,249.76671850699844
-87.6089859,41.7230186,160.43405676126878
-87.6121063,41.7230568,152.29508196721312
-87.6283875,41.7245293,213.52785145888595
-87.6417236,41.7242203,10.392902408111533
-87.6582642,41.7253075,62.83084004602992
-87.6259995,41.7255287,218.47389558232933
-87.5933609,41.7256088,172.38805970149252
-87.5616684,41.7251854,9.446254071661238
-87.5384521,41.7258148,347.45098039215685
-87.6234665,41.7264519,219.3548387096774
-87.6442337,41.727047,93.279258400927
-87.6195679,41.7263298,231.79856115107916
-87.6057968,41.7272491,163.4584013050571
-87.5882797,41.7275162,174.42748091603053
-87.5733948,41.7274628,313.05555555555554
-87.5598297,41.7278481,11.666666666666666
-87.600647,41.7284775,119.36026936026936
-87.6613159,41.7295151,77.59740259740259
-87.6790237,41.7293892,9.03755868544601
-87.6167755,41.7298088,164.15868673050616
-87.6486664,41.7299576,103.39912280701755
-87.5629349,41.7301636,17.77777777777778
-87.6083603,41.7308426,144.33139534883722
-87.6147614,41.7312927,121.92151556156969
-87.5771255,41.7306519,266.11764705882354
-87.5649796,41.7311325,16.77018633540373
-87.5908051,41.7318306,161.1888111888112
-87.5544739,41.7323303,306.1855670103092
-87.5460815,41.732605,322.69503546099287
-87.5801163,41.7324333,233.26612903225805
-87.658493,41.7336731,144.41056910569105
-87.6028366,41.7336807,102.34604105571847
-87.6407928,41.7344589,70.20295202952029
-87.607811,41.7345161,94.1970310391363
-87.6590424,41.7347031,140.83250743310208
-87.6369553,41.7349319,65.2014652014652
-87.6198273,41.7353668,117.56756756756756
-87.72789,41.735878,15.873015873015872
-87.7130966,41.7365685,4.455445544554455
-87.5926285,41.735714,7.872696817420436
-87.6646576,41.736908,70.3883495145631
-87.560112,41.7365532,10.897435897435898
-87.6549377,41.7370491,76.14991482112437
-87.651825,41.7376366,72.08366854384553
-87.6415634,41.7373047,66.5079365079365
-87.6173172,41.7381439,93.99624765478424
-87.5554352,41.7380638,298.9864864864865
-87.5887375,41.7379761,137.37373737373736
-87.6040192,41.7388039,83.33333333333334
-87.6470108,41.7393417,111.32478632478633
-87.7309418,41.7392693,9.803921568627452
-87.5596085,41.7392845,135.78274760383385
-87.6166916,41.7392082,48.161120840630474
-87.5870895,41.7398872,134.66666666666666
-87.7362595,41.7399635,11.91919191919192
-87.5566788,41.7403221,265.34653465346537
-87.5523605,41.7402,302.7397260273973
-87.6489716,41.7410622,104.3218085106383
-87.5523682,41.7408142,305.8219178082192
-87.5809479,41.741272,210.64981949458485
-87.6118774,41.7411118,17.970765262252794
-87.6259308,41.7420654,84.29530201342283
-87.5883026,41.7414322,10.339506172839506
-87.5785904,41.7422829,219.88742964352718
-87.5608749,41.7424278,19.16167664670659
-87.620018,41.7425613,81.64251207729468
-87.5559158,41.7429466,267.8688524590164
-87.685524,41.7438698,32.818930041152264
-87.6587677,41.7440491,85.14915693904021
-87.6233521,41.7439346,81.53647514525501
-87.7180939,41.7447205,16.881028938906752
-87.5628204,41.743988,22.615803814713896
-87.6502762,41.744175,94.87024743512372
-87.7221222,41.7443657,20.27027027027027
-87.5482635,41.7449608,388.1118881118881
-87.5482635,41.7451668,388.1118881118881
-87.6661072,41.7460175,40.99337748344371
-87.7062531,41.746315,7.712765957446808
-87.557991,41.7458687,248.31804281345566
-87.6569138,41.7461777,62.30677764565993
-87.6678619,41.7469482,31.045751633986928
-87.5628586,41.746624,19.437340153452684
-87.6418915,41.7472763,83.745963401507
-87.6484604,41.7476501,88.23845327604725
-87.5524292,41.7471352,369.89966555183946
-87.5878983,41.7468948,8.7173100871731
-87.6479645,41.74823,48.75727128503438
-87.5701599,41.7471352,244.21487603305786
-87.6297226,41.7479248,66.95464362850973
-87.7110443,41.7490234,2.188782489740082
-87.6971207,41.7487335,5.88235294117647
-87.6594238,41.7491684,30.782217220033765
-87.5476379,41.7487335,386.013986013986
-87.5592575,41.7490349,187.43016759776538
-87.6412201,41.7498512,88.04185351270553
-87.547142,41.7494965,388.7323943661972
-87.5871048,41.7498856,14.87964989059081
-87.6202316,41.7504883,64.23666138404649
-87.7064438,41.7508469,6.61764705882353
-87.6606827,41.7513504,27.902023429179977
-87.5598068,41.750721,145.83333333333331
-87.6606903,41.7517166,27.448926139339967
-87.5500031,41.751297,373.64864864864865
-87.6265259,41.7520866,60.420743639921724
-87.5934296,41.7523842,4.714064914992272
-87.6140976,41.7525482,8.645229309435951
-87.66922,41.7528114,25.662251655629138
-87.5922089,41.7525139,5.604483586869495
-87.6517487,41.7535858,42.347417840375584
-87.6462021,41.7538872,42.6857406552838
-87.6203003,41.7537537,59.509803921568626
-87.6656265,41.7547531,23.146292585170343
-87.5496597,41.7540703,370.23411371237455
-87.7153168,41.7554092,13.386880856760374
-87.603714,41.7552795,41.66666666666667
-87.7212677,41.7560387,15.812591508052709
-87.6283493,41.7561226,56.61327231121282
-87.6134796,41.7562141,10.57550418101328
-87.6268311,41.7569275,56.3752276867031
-87.5742493,41.7561607,160.7192254495159
-87.6013412,41.7573624,40.87193460490463
-87.5553665,41.7573433,296.7567567567568
-87.6353455,41.7584686,43.17781690140845
-87.6883316,41.7587814,25.8777633289987
-87.6366653,41.7590141,74.58731537793223
-87.6531067,41.7593155,6.595744680851063
-87.7111206,41.759964,2.4598930481283423
-87.5770264,41.7595291,114.2433234421365
-87.5622177,41.7596016,31.327800829875518
-87.6895905,41.7599792,25.485122897800778
-87.6284866,41.7603722,56.47943387881469
-87.6586456,41.7607002,34.57513604018418
-87.6463776,41.7609291,37.06437064370643
-87.6135864,41.7606354,8.591549295774648
-87.6063385,41.760994,37.158203125
-87.6082535,41.7612495,37.05314009661836
-87.6500397,41.7617302,35.40824575586095
-87.6045685,41.7615814,36.52430044182621
-87.7060471,41.7615967,6.17399438727783
-87.6865082,41.7624245,22.080796900940786
-87.6483231,41.7622032,35.67676767676768
-87.6268768,41.7623482,55.5849889624724
-87.6524887,41.7624168,5.564451561248999
-87.6630325,41.7628403,29.59604286892003
-87.6963043,41.7631035,8.525506638714187
-87.7190399,41.7630348,8.823529411764707
-87.6994629,41.7632332,9.329221279876638
-87.6945877,41.7638321,8.0
-87.6646576,41.7638016,29.43829438294383
-87.6575317,41.7638321,32.513877874702615
-87.6695175,41.7637367,31.874203144921374
-87.6476822,41.7642288,35.08353221957041
-87.5905838,41.7639389,51.11234705228031
-87.6076279,41.7642517,36.07176581680831
-87.5973816,41.7645073,36.35443037974683
-87.6707611,41.7650566,31.438127090301005
-87.608345,41.7649918,35.84817244611059
-87.5647964,41.7648392,129.31547619047618
-87.6720047,41.7658348,21.690721649484537
-87.6022491,41.765625,35.268505079825836
-87.6460037,41.7660561,32.023346303501945
-87.6763153,41.7663345,16.917293233082706
-87.6654282,41.7665863,28.201160541586074
-87.6435623,41.7667694,33.036750483559
-87.652092,41.7670631,27.5717017208413
-87.6550369,41.7672157,5.309396485867074
-87.6326065,41.7673912,35.86912065439673
-87.6749649,41.7677803,3.9934800325998365
-87.6137543,41.7677116,8.748866727107888
-87.6416855,41.7681274,32.93436293436293
-87.6172791,41.7681122,8.51063829787234
-87.7139816,41.7690315,8.85036496350365
-87.5848465,41.7686424,55.32879818594104
-87.6660156,41.7692986,28.960119269474472
-87.668457,41.7696419,29.05632226781052
-87.627121,41.7695885,50.864197530864196
-87.6611862,41.7699585,30.724213606437456
-87.5806732,41.7688408,85.64447159437997
-87.7331696,41.7704849,11.466666666666667
-87.6745758,41.7705078,5.207928488146133
-87.6599884,41.7707024,31.60377358490566
-87.649765,41.7708549,32.0560058953574
-87.6490707,41.7711067,32.091479158981926
-87.6793289,41.7714653,18.917835671342687
-87.6376877,41.7714424,62.03703703703704
-87.6173782,41.7714767,43.94071490845685
-87.7123642,41.7721977,7.797427652733119
-87.655983,41.7720528,26.49510692279812
-87.6916504,41.772625,21.030640668523677
-87.6697617,41.7724571,30.222384250820273
-87.6535339,41.7726059,6.27038782167452
-87.6422882,41.7727737,34.93073755147885
-87.6358643,41.7728996,33.694810224632064
-87.6697922,41.7733002,29.927797833935017
-87.6491318,41.7735214,35.93073593073593
-87.6805801,41.7739334,18.195836545875096
-87.6717072,41.7740669,19.92089176555196
-87.5963974,41.7738571,7.714561234329798
-87.6287689,41.7742271,50.7137192704203
-87.7021561,41.7743225,15.53398058252427
-87.6899796,41.775013,19.570707070707073
-87.6625214,41.774929,25.743626062322946
-87.7623138,41.7755775,6.642728904847396
-87.7092667,41.7754936,19.852448021462106
-87.700264,41.7756271,16.91827173347215
-87.6905212,41.7759323,18.84359400998336
-87.7272263,41.7763214,13.568376068376068
-87.6990509,41.7759209,16.068721576553816
-87.7699661,41.7767029,8.840864440078585
-87.651123,41.7763062,32.7991452991453
-87.7815933,41.7771187,13.024282560706402
-87.7073898,41.7768135,18.05813234384663
-87.6686859,41.776844,28.785241907413855
-87.6693802,41.7768822,28.223844282238442
-87.6735001,41.7771645,5.685385420299966
-87.7340622,41.7773094,26.2782401902497
-87.685173,41.77771,17.80821917808219
-87.6511612,41.7777138,32.46570524094267
-87.6699219,41.7780228,20.21386685063815
-87.6682129,41.7782021,26.379310344827587
-87.6905746,41.7780647,18.18913480885312
-87.7882996,41.7791061,11.617312072892938
-87.7663116,41.7792625,8.152173913043478
-87.6123352,41.7788353,50.91998288403937
-87.7316818,41.7796249,11.450381679389313
-87.6991577,41.7799797,14.181486548107616
-87.7015991,41.7801895,14.616497829232996
-87.68647,41.7802505,17.05170517051705
-87.6845474,41.7803612,15.450035435861093
-87.6517487,41.7805672,28.1636863823934
-87.5940475,41.7802162,64.31924882629107
-87.7395935,41.7814026,30.13048635824436
-87.6505508,41.7811356,30.136986301369863
-87.6585922,41.7814369,11.118644067796609
-87.6632614,41.7815666,16.067226890756302
-87.7210007,41.7820625,12.859195402298852
-87.6597748,41.7819824,17.261103633916555
-87.6700058,41.782299,12.770923641213738
-87.7170105,41.7826538,9.133646742780389
-87.6481476,41.7825394,31.116389548693586
-87.7646942,41.7825851,9.19931856899489
-87.709877,41.7831573,20.247469066366705
-87.6724472,41.7831955,6.2210456651224355
-87.6895142,41.7836113,16.919739696312362
-87.6464462,41.7834854,31.071913161465396
-87.7139282,41.7839966,10.967344423906345
-87.6980515,41.7838058,13.004484304932735
-87.6561813,41.7841301,2.697302697302697
-87.7137756,41.784523,10.748792270531402
-87.6671219,41.7845345,11.9750656167979
-87.6286621,41.784523,45.64195298372514
-87.730629,41.7852135,22.6775956284153
-87.6652298,41.785183,10.098039215686274
-87.6147842,41.7850761,37.06965572457966
-87.6567307,41.7853813,5.895915678524374
-87.6907806,41.7853432,16.548042704626333
-87.6555328,41.785881,2.1710526315789473
-87.6433868,41.7859573,30.72026800670017
-87.7110596,41.7863846,18.985976267529665
-87.7653656,41.7864647,82.10180623973727
-87.6324387,41.7867813,44.041811846689896
-87.6333923,41.7869644,43.73702422145328
-87.7969208,41.7875099,87.5
-87.6884003,41.7875023,15.440448696799736
-87.7751923,41.7878876,99.4263862332696
-87.7178116,41.7884827,12.004875076173064
-87.6324921,41.7883835,43.317340644276904
-87.6905289,41.7887268,14.802522402920676
-87.6821365,41.7893105,14.19416853572573
-87.6696701,41.7892113,14.462025316455696
-87.7896423,41.789463,82.70042194092827
-87.641037,41.7895775,30.618253189401372
-87.7759628,41.7897072,97.50479846449136
-87.6417465,41.789978,30.410691003911346
-87.6599884,41.7902946,12.918360963403192
-87.686058,41.7907372,13.839285714285715
-87.6212158,41.7905579,43.691756272401435
-87.6544495,41.7909317,2.9236089280100597
-87.6921463,41.7907791,7.7532167601451665
-87.7760239,41.7913475,95.48872180451127
-87.768013,41.7915115,79.28221859706362
-87.7043839,41.7918968,14.639010769844434
-87.7218704,41.7920456,31.849103277674708
-87.6834412,41.7920456,14.348646947765891
-87.6897507,41.7922516,13.59130156699712
-87.7758408,41.7928467,93.90018484288355
-87.6539764,41.7926254,1.6094088517486844
-87.700737,41.7925606,13.758389261744966
-87.6941223,41.7925797,4.7981469225678355
-87.6442566,41.7930946,27.37341772151899
-87.7201004,41.7935295,31.635071090047397
-87.7773438,41.7940712,91.86256781193491
-87.6862183,41.7939987,13.95638629283489
-87.6333694,41.7937584,30.382228030055536
-87.7314224,41.7943993,45.676429567642955
-87.5972824,41.7941666,59.092891408634976
-87.6654816,41.7948952,12.488742119483637
-87.7922668,41.7949905,79.375
-87.7834625,41.7951126,94.28571428571428
-87.7309341,41.795475,44.497282608695656
-87.6661987,41.7955742,12.440334128878282
-87.6861877,41.79599,13.668188736681888
-87.6910782,41.7961655,11.748208164537239
-87.6698608,41.79636,12.385456695240912
-87.7192078,41.7960281,29.93311036789298
-87.6856918,41.7966499,13.569054094892715
-87.7021103,41.7969322,14.080974561089215
-87.6954498,41.7963982,4.885057471264368
-87.6674576,41.7971802,12.143273150844497
-87.7395554,41.7972908,78.64460204885737
-87.7547607,41.7976952,57.28038507821901
-87.6327133,41.7974625,43.81345177664975
-87.5922775,41.7973633,62.673844773441004
-87.7413025,41.7983818,77.70649558941459
-87.6023483,41.7974854,55.99679101484155
-87.7192612,41.7978554,30.79416531604538
-87.6419678,41.7984009,28.13067150635209
-87.7774734,41.7986984,86.83760683760684
-87.6930771,41.7990532,2.4687595245352028
-87.7021484,41.7992058,13.370089593383874
-87.6437073,41.7989883,29.191616766467064
-87.6894302,41.799511,11.796246648793565
-87.7518387,41.7992859,6.29514963880289
-87.7004242,41.7999458,12.556342562781714
-87.7058258,41.7999229,14.170927684441198
-87.6724014,41.80019,13.857466063348417
-87.663887,41.8003235,17.160598362969235
-87.7144089,41.8008575,22.61747913921827
-87.6777267,41.80093,11.809685641461343
-87.6558304,41.801178,4.023972602739726
-87.7262039,41.8019409,39.87341772151899
-87.6687927,41.8018684,16.98218262806236
-87.7083511,41.8023567,25.84558823529412
-87.6821365,41.8023262,12.25296442687747
-87.7267609,41.8028069,39.564220183486235
-87.7299118,41.8028069,41.99029126213592
-87.6852036,41.8031502,11.155040948884496
-87.6847076,41.8034973,11.123627147282455
-87.6231689,41.8034363,41.325721535045986
-87.6730118,41.8040466,5.049396267837541
-87.6340866,41.8042908,40.15606242496999
-87.7324219,41.8050156,34.94788473329246
-87.6608887,41.8053055,16.803503010399563
-87.6761932,41.8058319,10.157523085279738
-87.6603928,41.8059387,16.98577680525164
-87.59478,41.8051147,57.16054477919934
-87.7476654,41.8064537,16.479099678456592
-87.6855774,41.8068581,10.798250410060142
-87.6341782,41.8069878,39.14193358801058
-87.6628647,41.8074341,16.965255157437568
-87.6718903,41.8077965,14.393327952649987
-87.6440201,41.8077164,28.760191172336235
-87.6769028,41.8082352,11.248322147651006
-87.6408234,41.8083,29.900709219858157
-87.70121,41.8090439,30.50599590523545
-87.6945877,41.8092842,3.033676593376009
-87.7036591,41.8095093,31.23508353221957
-87.6856995,41.8095856,10.496943927717247
-87.6884689,41.8099365,10.520694259012016
-87.6622314,41.8102112,15.471394037066883
-87.6387177,41.8101692,33.853575482406356
-87.746048,41.8108978,5.708245243128964
-87.6909714,41.8108749,11.048988285410012
-87.6629562,41.8111839,15.405188553089062
-87.6853943,41.8114128,10.36745406824147
-87.7032166,41.8119316,30.309159202542617
-87.7509766,41.812294,2.950310559006211
-87.7020264,41.8125954,30.158730158730158
-87.6890869,41.8127632,13.392623594036095
-87.6715088,41.8130913,15.907295233078747
-87.6915588,41.813427,12.513089005235603
-87.6690979,41.8136978,15.721445528884198
-87.6387939,41.8138237,44.01012373453319
-87.6691132,41.8144188,15.700737618545837
-87.6131744,41.8142395,26.325757575757574
-87.6879501,41.8150597,13.51491569390402
-87.6416473,41.8150711,25.346260387811636
-87.6891861,41.8158379,13.419689119170986
-87.617981,41.8159523,37.96775174931549
-87.685585,41.8168488,12.86849525762625
-87.6862946,41.8176117,12.841460301250956
-87.686821,41.8180313,13.309535951045385
-87.633255,41.8183746,39.73491257755217
-87.6003265,41.8185921,7.618393960192176
-87.7011032,41.8196907,26.219671275763112
-87.6963654,41.8203278,25.5879345603272
-87.7008743,41.8211136,25.81640524556441
-87.6875839,41.821888,37.596996245306634
-87.7129898,41.822731,2.011173184357542
-87.7084656,41.8231773,25.767345885994324
-87.7096939,41.8236847,7.128099173553719
-87.7104416,41.8240585,6.784049715173484
-87.6438522,41.8242378,22.25186766275347
-87.6705933,41.824791,27.543114221444636
-87.6681671,41.8251801,23.04609218436874
-87.6236649,41.8253517,42.56542996836353
-87.6432037,41.8262901,21.67019027484144
-87.6821289,41.8269005,37.1990171990172
-87.6755524,41.8272018,31.49062191510365
-87.6389771,41.8274231,20.10184937014205
-87.6694641,41.82798,28.026739291903937
-87.6201324,41.8279991,43.235379691591504
-87.6839828,41.8286324,36.14282244352684
-87.6743774,41.8290443,31.366764995083578
-87.692009,41.8294945,13.164925916929803
-87.6927185,41.8298264,12.521232710507157
-87.6835556,41.8299942,36.462617953060736
-87.6794052,41.8307571,36.90851735015773
-87.6865387,41.8314209,35.9277108433735
-87.6472931,41.8314552,24.61498973305955
-87.648201,41.8320198,24.521072796934863
-87.6707993,41.8325348,32.189781021897815
-87.6823349,41.8329315,36.09453330150394
-87.6177979,41.832962,40.56960185992444
-87.6421661,41.8334236,24.895941727367326
-87.6555557,41.833683,21.022443890274314
-87.6197357,41.8339195,41.57593123209169
-87.7275848,41.8341103,46.6918066506685
-87.7283096,41.8351631,47.25578184328616
-87.6428986,41.83498,22.952086553323028
-87.6397705,41.8354301,15.514993481095177
-87.6567383,41.8358269,20.51282051282051
-87.7274094,41.8366013,45.28613959642739
-87.6580582,41.836689,36.091333169653815
-87.6434631,41.8368835,23.403714067667263
-87.7325287,41.8377686,51.55350978135789
-87.7032776,41.8377876,20.781990521327014
-87.6520004,41.8377037,32.63183956424858
-87.7093964,41.8385124,22.259136212624583
-87.7162094,41.8389854,24.759152215799617
-87.7216187,41.8392143,31.447846393357548
-87.6586838,41.8390503,35.85454545454546
-87.7357178,41.8397369,50.2258726899384
-87.6447372,41.839386,32.56455251942843
-87.7064743,41.8400421,20.319849482596425
-87.7162476,41.840271,28.6090495570984
-87.7077103,41.840538,20.376470588235293
-87.6435547,41.8403969,33.26638212402712
-87.6459808,41.8406448,32.968400099527244
-87.7235947,41.8412781,40.02151694459386
-87.7277756,41.8415833,47.3568281938326
-87.6538925,41.8413963,33.49585568015602
-87.6357193,41.8415985,21.491002570694086
-87.700943,41.8422623,21.83720930232558
-87.6454926,41.8421974,35.74267262791853
-87.6386948,41.8424377,34.45654927793261
-87.6608963,41.8428497,46.83241692565145
-87.6443176,41.8432045,35.680517541677034
-87.6448441,41.843647,35.60794044665012
-87.6345062,41.8442802,35.02940424443876
-87.7083664,41.8452644,24.461431549687283
-87.7090759,41.8455315,24.316179879462215
-87.6847382,41.84589,34.78960680616234
-87.6542358,41.8460693,32.30472516875603
-87.7017822,41.8467598,22.04597701149425
-87.6974106,41.8470955,20.82758620689655
-87.709137,41.8477478,27.97331492983667
-87.6798248,41.8481102,43.557294063506674
-87.7194443,41.8488464,31.464395552401232
-87.7341232,41.8492584,45.014044943820224
-87.7133636,41.8496132,29.960910554150377
-87.6818085,41.8496208,42.634235888022026
-87.684639,41.8499641,34.732736866253724
-87.697403,41.8503151,34.49301899748226
-87.7109604,41.850811,30.93607305936073
-87.7061005,41.8511047,24.829777576032683
-87.6778336,41.8514977,44.43166129774505
-87.7165909,41.8524742,29.210647085819186
-87.6802368,41.8527641,44.16533455126741
-87.7080841,41.8534088,28.262339418526032
-87.6847763,41.8536148,34.276018099547514
-87.667366,41.8538589,43.54277764896823
-87.6748123,41.8542938,39.26282051282051
-87.6439514,41.8545914,35.730007336757154
-87.6830597,41.8550911,42.972972972972975
-87.7184525,41.8557701,32.59630727148393
-87.6840134,41.855999,42.57803727823939
-87.707428,41.8564606,19.124218051831992
-87.6940231,41.8568573,37.17572749830814
-87.6680069,41.8571129,49.644087256027554
-87.6508331,41.8575172,44.26111908177906
-87.7111816,41.858345,19.6301247771836
-87.7374344,41.8589478,16.453900709219855
-87.7375565,41.8596764,16.719688936019793
-87.6585617,41.8594017,41.425233644859816
-87.7363815,41.8610992,13.694054776219106
-87.7266312,41.862236,16.395793499043975
-87.7345352,41.8636169,10.812461820403177
-87.7272263,41.8647156,26.435406698564595
-87.7345963,41.8655243,27.598566308243726
-87.7013931,41.8667603,36.65780141843972
-87.6882553,41.8677559,34.562109025916
-87.7235641,41.8695602,29.026428732776143
-87.6877365,41.8699722,35.09711989283322
-87.7122803,41.8707047,35.254013635363975
-87.7348175,41.871315,34.31093394077448
-87.7227173,41.8719254,30.06038917468128
-87.7340164,41.8726578,33.0046562585593
-87.6623535,41.8727608,44.908142435926514
-87.6635208,41.8735657,46.65911664779162
-87.7232361,41.8746529,29.779165737229533
-87.7542725,41.8755035,48.92053284336242
-87.7613525,41.8763084,74.07597535934292
-87.7031937,41.8768272,34.72282845918813
-87.7708664,41.8778229,94.27312775330397
-87.7627029,41.8781128,75.30927835051546
-87.694458,41.8781013,34.45767195767196
-87.6833038,41.8783379,44.290502793296085
-87.7725449,41.8793106,90.03215434083602
-87.7502213,41.8796997,44.89795918367347
-87.7611465,41.8810005,70.15369360436291
-87.6980667,41.8817177,29.52443857331572
-87.6900406,41.8823166,42.0654351212998
-87.70961,41.8830147,33.35503472222222
-87.7713242,41.8838234,98.74326750448833
-87.7671204,41.8844299,92.33716475095785
-87.6973267,41.8848572,36.25550660792952
-87.7133484,41.8852539,37.78211805555556
-87.7132263,41.8860435,37.59219088937093
-87.7082672,41.886734,38.67391304347826
-87.7587204,41.8881264,54.93998153277931
-87.7054749,41.8887291,40.397640375792
-87.7042542,41.8891945,37.5054704595186
-87.723259,41.8896408,29.736784859691102
-87.744873,41.8902321,36.3573883161512
-87.7551041,41.8908768,51.73761946133797
-87.7488861,41.8910904,44.69357249626308
-87.7674713,41.8916664,82.96849973304859
-87.7438965,41.8916664,44.142329640819064
-87.7539139,41.8918419,55.631399317406135
-87.7669373,41.8923149,69.21052631578948
-87.7158508,41.8923264,35.045513654096226
-87.7232056,41.8925781,14.065217391304346
-87.7122345,41.8929062,38.514980460269214
-87.7239227,41.8932037,31.233653007846556
-87.7471542,41.8934021,45.344273992151265
-87.7552109,41.8937454,51.51909722222222
-87.7662811,41.8941078,65.58808423215203
-87.7084274,41.8939629,41.09051254089422
-87.743988,41.8943405,42.53333333333333
-87.7522888,41.8946419,50.70936359951358
-87.7129898,41.8948669,38.63192182410424
-87.756485,41.8954582,53.73728438743919
-87.7662964,41.8957863,65.35312180143296
-87.7687378,41.8961449,70.62298603651988
-87.7516098,41.8962288,50.69033530571993
-87.7699814,41.896801,70.65934065934066
-87.7629089,41.8969574,61.742059672762274
-87.7709503,41.8972244,72.12563095905776
-87.6808472,41.8970261,41.98283649503162
-87.7184753,41.8975258,34.96321938554738
-87.7318268,41.897747,41.047595064215564
-87.6568909,41.8977547,50.172532781228426
-87.6778107,41.8979797,40.30357951971001
-87.7160645,41.8985329,34.38109690006503
-87.7295227,41.8987923,40.94694266000476
-87.6817169,41.898819,42.13140663806728
-87.7491684,41.8992996,50.28922631959508
-87.6996155,41.8994522,40.88702559576346
-87.7659225,41.8999863,69.71371170266197
-87.7143707,41.8999557,39.296569691706466
-87.69841,41.9001007,40.507726269315675
-87.7610931,41.9006271,57.63569457221711
-87.7090073,41.9005241,41.423595994775795
-87.7246857,41.9012146,37.90677220756377
-87.7633057,41.9015198,60.68866571018652
-87.6707687,41.9014282,50.05724753835585
-87.7330246,41.9019127,45.42842215256008
-87.7296219,41.9021339,42.201393895698146
-87.7194595,41.9024467,36.70995670995671
-87.7350769,41.9031792,44.18604651162791
-87.7677689,41.9031525,72.49224405377456
-87.7272339,41.9038277,39.430523917995444
-87.7298126,41.9041634,41.34918709051201
-87.6717987,41.9043083,49.56541628545288
-87.735672,41.9049759,44.89010989010989
-87.7661209,41.9054756,60.41041041041041
-87.7343292,41.9055214,46.49732620320856
-87.6899185,41.9057617,33.60930857014992
-87.748764,41.9062195,49.61725817675713
-87.7562408,41.9067612,71.19932432432432
-87.6801987,41.9066696,56.28539071347678
-87.6642303,41.9068108,62.12086131048854
-87.7649689,41.9078102,80.63882063882065
-87.7630234,41.9080811,77.25783809078148
-87.7655258,41.9084625,81.35845314823996
-87.7236938,41.908535,40.520282186948855
-87.7525864,41.9084167,65.4126679462572
-87.7097321,41.9088974,42.60509692877369
-87.7161331,41.9093323,41.3067071847189
-87.6362991,41.9093552,64.8417043561057
-87.7379303,41.9100418,48.77838459327393
-87.6710052,41.910038,58.836996336996336
-87.7218094,41.9105682,40.27595269382391
-87.6359863,41.910183,64.88804192472605
-87.7089233,41.911087,42.467248908296945
-87.759758,41.9114952,83.0297645490893
-87.669281,41.9113388,54.46818286239375
-87.7316284,41.9119034,47.566027964785086
-87.7490311,41.9120674,58.33905284831846
-87.6747131,41.9119339,61.85050136736554
-87.7060165,41.9123383,40.692071835304425
-87.7292099,41.9126167,45.92665518090081
-87.7138443,41.9127197,40.952588081774685
-87.6727982,41.9125824,58.3599817268159
-87.6930466,41.9129524,34.17777777777778
-87.7572098,41.9133949,73.8796414852753
-87.7473297,41.9135475,35.93490534706078
-87.6888809,41.9136391,52.36388079766973
-87.6730042,41.913784,57.475994513031544
-87.7310028,41.914444,45.58785695909442
-87.650444,41.9140892,53.54385964912281
-87.6391144,41.9143639,65.63019226204605
-87.6516876,41.9146881,53.596450256889305
-87.7048569,41.9151955,25.52209276764124
-87.7958298,41.9151917,158.7257617728532
-87.6352081,41.9151115,62.99212598425197
-87.6896362,41.9154816,52.09688270912761
-87.6815033,41.9156151,52.017225747960104
-87.6427078,41.9155045,65.63533301842229
-87.6913452,41.9159851,32.23713646532438
-87.7322922,41.9165115,46.61333333333334
-87.7477264,41.9166489,24.974924774322968
-87.6743011,41.9165611,55.87562871513489
-87.6940079,41.9168701,34.45900910908687
-87.6540604,41.9170647,56.251471627030845
-87.7958908,41.9174042,157.84586815227485
-87.7391586,41.9179039,21.177530790027035
-87.7203674,41.9178925,18.347615908591518
-87.795433,41.9185181,157.84586815227485
-87.640358,41.9178162,64.88603988603988
-87.7269516,41.918499,18.649748623413934
-87.7176666,41.9184494,17.804931267728563
-87.7299271,41.9188271,45.23627075351213
-87.7868805,41.9192047,151.0791366906475
-87.751442,41.9191208,63.033345285048405
-87.6542587,41.9188919,56.13496932515337
-87.7294235,41.9194794,21.111393047449887
-87.7869034,41.9197083,153.3279871692061
-87.6831818,41.9193954,52.09607976433266
-87.6847153,41.9195213,52.02351345240787
-87.7138901,41.9197998,17.925764192139738
-87.7357864,41.920063,18.312697955657935
-87.7483063,41.9202766,56.02288021534321
-87.7158051,41.9203072,17.832167832167833
-87.7691727,41.9207458,90.85239085239085
-87.6537933,41.9203873,56.02081854743317
-87.7811584,41.9210663,127.54613807245386
-87.7471008,41.9209747,29.94424401443096
-87.6867905,41.9210854,54.43493921656911
-87.766243,41.9213409,85.286783042394
-87.7735672,41.9218788,91.58667419536984
-87.7148895,41.9216194,33.209525890321174
-87.7740936,41.9221992,89.61779806046776
-87.7716675,41.9223824,101.57952069716775
-87.6624222,41.9218826,57.219751930727824
-87.6599197,41.9221497,51.91269655010561
-87.7833405,41.9229774,137.96159527326438
-87.7307434,41.9228287,16.261237440507667
-87.6478043,41.9225044,67.79177561207511
-87.7699661,41.9233017,98.57293868921776
-87.700798,41.9229698,30.246502331778814
-87.7100983,41.9233437,34.715821812596005
-87.659256,41.9233437,50.08225616921269
-87.6860352,41.9236145,52.00902934537246
-87.7310791,41.9241219,16.523605150214593
-87.6905823,41.9242744,37.92172739541161
-87.7507401,41.9248734,64.30834213305174
-87.7357178,41.9251785,14.907380182299324
-87.7688141,41.9250641,95.26534859521331
-87.8035355,41.9258385,173.02564102564102
-87.6410522,41.9253235,68.88195777351248
-87.7234955,41.9260445,13.721413721413722
-87.6608887,41.9259529,56.612638007986845
-87.7599792,41.9265633,89.08355795148249
-87.7428207,41.926609,27.05620832010162
-87.7652206,41.927124,104.82625482625483
-87.7409821,41.9270325,24.692913385826774
-87.6557388,41.9268303,55.59754369390647
-87.7198639,41.9273148,41.58129175946548
-87.7174225,41.9274902,50.30918727915194
-87.6432953,41.9270744,67.94995187680462
-87.6546326,41.9274406,51.242015613910574
-87.7725754,41.9283638,110.64189189189189
-87.6548309,41.9278221,51.218358173645605
-87.6618576,41.9282227,52.05447288095797
-87.762291,41.9288521,97.15750232991613
-87.6472931,41.928566,68.9992834965369
-87.7088928,41.9290886,48.36716681376876
-87.7204361,41.9292908,47.55355129650508
-87.7655029,41.9297218,90.07263922518159
-87.6978989,41.9295731,30.12505582849486
-87.7650681,41.9301147,89.42307692307693
-87.8056183,41.9305916,154.61215932914044
-87.7975388,41.9299469,197.44075829383888
-87.6504822,41.93013,69.95003568879372
-87.6510086,41.9304695,69.95003568879372
-87.735054,41.9310341,24.503703703703703
-87.7921753,41.931675,190.42933810375672
-87.7004089,41.9313736,33.74274229566771
-87.6461792,41.9313278,70.96310493531385
-87.6656113,41.9318924,34.5679012345679
-87.6472321,41.9318771,70.95693779904306
-87.7690659,41.9323425,59.3048128342246
-87.7951889,41.9332924,190.64814814814815
-87.6669846,41.9326859,34.698626949034214
-87.7335052,41.9328117,25.241581259150802
-87.7508469,41.933567,37.64705882352941
-87.7022171,41.9336739,32.77517302969413
-87.7303314,41.9338341,41.59933129005294
-87.6645126,41.9336319,34.728718428437794
-87.7600403,41.9343567,39.485559566787
-87.6506195,41.9338608,70.03334921391139
-87.6620712,41.934063,33.545048223947305
-87.7095871,41.9346771,51.07277151072771
-87.7372513,41.9348907,28.849120641777233
-87.6943893,41.9349823,28.54246451903582
-87.7192383,41.9351845,53.170061799038685
-87.659584,41.935009,24.115983026874115
-87.7028885,41.935463,32.87946428571429
-87.6615982,41.9354591,33.898704358068315
-87.7165833,41.9359131,52.49831951602061
-87.7776184,41.9363365,64.8125
-87.7685013,41.9362183,55.43010752688172
-87.7574234,41.9366035,34.69214437367303
-87.6968002,41.9364319,21.540880503144656
-87.6620636,41.9364204,34.40226361707144
-87.6732025,41.9366379,36.4980364980365
-87.7509537,41.9372101,36.527377521613836
-87.7140656,41.9373016,54.94652406417112
-87.7817612,41.9377213,74.65900933237617
-87.6670303,41.9372406,30.5950991831972
-87.7656021,41.9380226,41.6952474277315
-87.6707993,41.9375839,33.78159054022722
-87.6609879,41.9377213,46.48253068932956
-87.687645,41.9382401,28.02272727272727
-87.8345337,41.938633,87.82742681047766
-87.6776352,41.9384079,25.293170843872154
-87.8205948,41.9393501,85.0197109067017
-87.6596375,41.9386559,38.55621301775148
-87.78479,41.939518,75.05703422053232
-87.6591415,41.9391174,38.650887573964496
-87.7324829,41.9396706,45.794947994056464
-87.7150421,41.9398956,55.66847335140018
-87.716568,41.9403114,56.111491889421984
-87.8181839,41.9404945,78.0804150453956
-87.6746826,41.9402618,34.35625288417167
-87.6651764,41.9403954,31.318810025767156
-87.6828918,41.9407158,32.234432234432234
-87.7009811,41.9408646,18.288025162884743
-87.6835938,41.9411049,31.914893617021278
-87.6642075,41.9411888,31.61851068827813
-87.7374649,41.9416237,30.57929724596391
-87.7215042,41.941864,55.432372505543235
-87.6751633,41.9416924,34.186851211072664
-87.7269287,41.942276,42.92362441828634
-87.6799927,41.9421883,28.870004593477262
-87.7823486,41.9426956,68.79588839941263
-87.6800003,41.9424286,28.824069820854387
-87.7350388,41.9429588,45.07085643869378
-87.7239838,41.9431419,39.477090344292
-87.7651978,41.9434204,44.22330097087379
-87.7203293,41.9435463,57.88831992197026
-87.7299042,41.9437141,48.598130841121495
-87.780159,41.9441643,59.23344947735192
-87.8134232,41.9440346,122.1142162818955
-87.761322,41.9443817,46.093023255813954
-87.7766876,41.9445915,54.25330812854442
-87.6854172,41.9444122,27.397260273972602
-87.8348846,41.9453735,97.99691833590138
-87.7762451,41.9451256,53.91849529780565
-87.8108444,41.9454498,128.42465753424656
-87.7785339,41.9454918,48.199999999999996
-87.8208313,41.9458923,113.04347826086956
-87.642807,41.9449806,67.29222520107238
-87.8042145,41.9461441,120.35676810073453
-87.6813126,41.9459381,28.354430379746837
-87.7713318,41.946476,54.41008018327606
-87.7572937,41.9467354,40.414727041895894
-87.7454529,41.9467888,68.98669396110543
-87.7037659,41.9468994,22.452660054102797
-87.8172607,41.9472809,84.40721649484536
-87.6849976,41.9474792,25.291828793774318
-87.6775513,41.9475441,24.036019395058876
-87.7632065,41.9480896,46.42342774843975
-87.8116302,41.9479752,131.46198830409358
-87.8050003,41.9480324,121.64730728616684
-87.7333755,41.9484253,47.477561126586195
-87.7704697,41.9488373,52.32163080407701
-87.7627335,41.9490623,43.22642412637626
-87.7246933,41.9487381,44.59016393442623
-87.7510376,41.9494629,85.68215892053973
-87.7429352,41.9495659,65.32066508313538
-87.7856903,41.9499512,88.91509433962264
-87.6668472,41.9495583,63.003748828491105
-87.811203,41.9504242,99.31662870159454
-87.7627716,41.9503212,30.105465004793864
-87.7494965,41.950386,80.96465390279823
-87.8080597,41.9509201,94.16216216216216
-87.7560349,41.9508209,79.99176615891314
-87.7698593,41.9510384,44.911504424778755
-87.7627487,41.9512062,39.80815347721823
-87.8031845,41.9513092,91.3451511991658
-87.7679062,41.9515839,42.03425012973534
-87.7633438,41.9517097,39.94225216554379
-87.7737808,41.951889,34.43830570902394
-87.7971039,41.9520226,76.31578947368422
-87.8117065,41.9524002,101.16009280742459
-87.683197,41.9520569,21.16536158452326
-87.6722717,41.9522285,30.20274994173852
-87.6851273,41.9525719,20.949977053694354
-87.7211151,41.95298,24.57293035479632
-87.7071228,41.9532127,23.403766651355077
-87.7764511,41.9537468,29.980404964075767
-87.7789154,41.9542503,43.32179930795847
-87.702446,41.9542503,17.266681953680347
-87.7118988,41.9545631,25.122463261021693
-87.6986237,41.9549065,15.060654612039368
-87.6765671,41.9548645,27.09932542451733
-87.7022858,41.9549294,17.302389705882355
-87.759346,41.9557495,83.78985181859004
-87.7170029,41.9558792,26.36067218459995
-87.709137,41.9559898,22.895779902075077
-87.6904068,41.9560966,23.043378471425292
-87.7219238,41.9565887,18.018763796909493
-87.7052994,41.9562912,17.760884588804423
-87.7385254,41.9567604,33.48977539389876
-87.7268448,41.9571724,25.824009676443904
-87.7041016,41.9572029,19.30350553505535
-87.6761475,41.9571915,28.405122235157158
-87.6656113,41.9573402,64.21626748873607
-87.713913,41.9579124,26.10587382160986
-87.7060623,41.95821,21.00371747211896
-87.6727676,41.9584007,60.70422535211267
-87.7170944,41.9588966,19.446579554189086
-87.6867905,41.9587593,23.080470371224347
-87.7513962,41.9594994,84.51915559030493
-87.6680756,41.9591408,64.48487712665406
-87.6882553,41.9597282,22.972350230414744
-87.737648,41.9596481,23.628407943453382
-87.7269135,41.960083,21.393341553637484
-87.6805267,41.9602547,27.349032408486828
-87.6853638,41.9604912,24.23121387283237
-87.7053223,41.9609489,20.739700374531836
-87.7324219,41.9613075,25.597381342062192
-87.769371,41.9615593,35.120350109409195
-87.7122955,41.9619484,21.69027845627748
-87.7054825,41.9622192,20.188235294117646
-87.7238464,41.9625511,21.59468438538206
-87.7743073,41.9628563,35.76594345825115
-87.7730865,41.9629936,35.32781667727562
-87.7432861,41.9632111,30.13069586718474
-87.689621,41.9636688,22.973598888374248
-87.7764435,41.9642715,12.284334023464458
-87.7816925,41.9645424,43.61861861861862
-87.7140961,41.9640083,18.833162743091094
-87.6619797,41.9643555,69.1919191919192
-87.6729431,41.964592,60.2213848327838
-87.7433167,41.9650803,22.99750800996796
-87.776207,41.96558,11.418685121107266
-87.6951828,41.965435,23.13067784765898
-87.7097549,41.9658508,16.881224192373086
-87.7456131,41.9663849,23.97058823529412
-87.671402,41.9662514,60.274296524000945
-87.6821747,41.9665947,27.54505031593728
-87.6682739,41.966835,55.35756711808031
-87.7264481,41.9676781,18.742058449809402
-87.6904602,41.9679565,29.671098670398884
-87.7762756,41.9688187,11.476557032890133
-87.7692719,41.9693108,103.31428571428572
-87.803093,41.9691963,15.11627906976744
-87.7363434,41.9692574,19.201651754989676
-87.7582855,41.9700012,91.03666817564509
-87.6721802,41.9699402,59.85332387035722
-87.680809,41.9702606,26.602262016965128
-87.7568512,41.9709282,88.668430335097
-87.7774048,41.9714584,11.11111111111111
-87.799469,41.9710312,10.662525879917183
-87.7822571,41.9711685,15.085536547433904
-87.7512131,41.9719009,25.163398692810457
-87.695488,41.9720688,29.156741305383516
-87.7718277,41.9726372,22.013758599124454
-87.6863098,41.9726105,32.58110014104372
-87.8062515,41.9727898,16.013437849944008
-87.7875748,41.9728966,14.003436426116838
-87.7574768,41.9736671,90.91320072332731
-87.6782608,41.9737511,18.92019891072697
-87.8242722,41.9745598,7.938718662952645
-87.8172302,41.974926,2.635046113306983
-87.6616669,41.9743118,61.37411993202233
-87.8229218,41.975296,6.11961057023644
-87.7399979,41.9744911,19.580668088130775
-87.7630005,41.9754791,99.64503042596348
-87.6722565,41.9754066,57.65379113018598
-87.7077789,41.9759789,18.506998444790046
-87.703331,41.9762001,18.037661050545097
-87.6667328,41.9764824,66.49782923299566
-87.8104095,41.9771309,15.654205607476634
-87.6860504,41.977108,27.2294887039239
-87.6706696,41.9773331,58.24519230769231
-87.7668686,41.9779167,92.78818852924475
-87.6848984,41.978035,27.24022878932317
-87.8031921,41.9786873,15.645514223194748
-87.6812057,41.9784737,27.537616431812754
-87.8014069,41.9791298,15.392895586652314
-87.6763077,41.9790726,56.722488038277504
-87.7942047,41.9795837,16.173570019723865
-87.6660538,41.9796181,65.38648517258143
-87.7698822,41.980648,18.800247371675944
-87.6731262,41.9804192,59.22798552472859
-87.6957703,41.9810524,24.130381902213575
-87.7868958,41.9815712,13.541666666666666
-87.6621323,41.980854,65.49019607843137
-87.8189621,41.9822922,3.9617486338797816
-87.7958069,41.983139,13.55421686746988
-87.7856216,41.9835358,13.33907056798623
-87.7379761,41.9835548,16.50874635568513
-87.69104,41.9841728,23.87551665451009
-87.7024994,41.9846077,16.6622586617297
-87.6702423,41.9847832,58.01656920077972
-87.7689133,41.9856377,16.489693941286696
-87.6935196,41.985714,24.355511907684754
-87.6652298,41.9857407,65.27196652719665
-87.7814636,41.9867554,10.336341263330599
-87.7836685,41.9871063,10.988074957410563
-87.6984253,41.9870682,10.744653439835094
-87.7991486,41.9878731,9.513513513513514
-87.7738495,41.9881897,6.258790436005627
-87.7831268,41.9886551,10.750853242320819
-87.6735992,41.9886208,56.98738560474895
-87.776329,41.9894714,4.169714703730797
-87.7148209,41.989296,22.858099062918342
-87.673584,41.9897156,64.02378592666005
-87.7787857,41.9912109,4.765687053216839
-87.7355118,41.9916191,7.602559277380504
-87.7149048,41.9913559,22.808219178082194
-87.7799911,41.9925499,7.28910728910729
-87.8178864,41.9929924,8.519553072625698
-87.7400436,41.9924011,5.8474911102331095
-87.7858429,41.9933548,11.308993766696348
-87.7868118,41.993866,11.420863309352518
-87.6930542,41.9931488,9.950636528968564
-87.7052536,41.9943886,14.93735946032766
-87.8178635,41.9953384,8.591549295774648
-87.8204117,41.9954643,8.764367816091955
-87.7682114,41.9949493,14.860480207657364
-87.8200531,41.996357,8.714285714285715
-87.6679993,41.9961319,65.42150429076224
-87.7993851,41.9971085,6.6516347237880495
-87.6865463,41.9969215,9.98471726948548
-87.802269,41.9978752,6.481481481481481
-87.7947083,41.9988747,8.571428571428571
-87.6976013,41.999115,11.69501822600243
-87.7017975,41.9997673,12.934996717005909
-87.8135986,42.0008125,8.133333333333333
-87.6988525,42.0004311,9.385937002863507
-87.6664963,42.0014725,56.434626252247625
-87.7746964,42.0021324,1.9711902956785443
-87.7054596,42.0031662,17.338995046001415
-87.7042618,42.0036469,16.19047619047619
-87.8168259,42.004734,8.68945868945869
-87.6814041,42.005455,51.74637291778613
-87.8100586,42.0068283,4.69361147327249
-87.6774063,42.0068398,52.13219616204691
-87.6869431,42.0075188,8.989095195991748
-87.6889343,42.0083351,8.989805375347544
-87.6893158,42.0089798,9.202647336905137
-87.7033081,42.0099297,13.291373565346168
-87.8140259,42.0106087,4.061624649859944
-87.6894073,42.0113144,6.842456608811749
-87.6769485,42.0122452,58.72925014310246
-87.6692886,42.0130653,55.80884372425158
-87.8172302,42.0141716,4.341317365269461
-87.6683502,42.0146408,56.934306569343065
-87.6929703,42.0161057,11.825192802056556
-87.7055283,42.0171242,14.02961808261886
-87.696785,42.0178375,12.365591397849462
-87.6689758,42.0188065,61.40510948905109
-87.7114182,41.6816254,21.508379888268156
-87.7096558,41.6899376,17.25067385444744
-87.7040405,41.6992683,13.480392156862745
-87.6632156,41.7087555,72.62479871175523
-87.638237,41.7300758,72.90033594624859
-87.6727676,41.7493439,4.183006535947712
-87.6470795,41.7654266,35.00588004704038
-87.6074219,41.7756424,50.80071174377224
-87.6707611,41.7846603,12.495900295178746
-87.63694,41.7933769,45.195729537366546
-87.6857224,41.7980156,13.34524873398868
-87.6883926,41.802639,11.580775911986104
-87.6399841,41.8123665,27.201346045989904
-87.610054,41.8230209,21.866338158299968
-87.6474457,41.8356247,38.38383838383838
-87.6730194,41.8505249,49.55998147290413
-87.7205963,41.8677101,29.41702032611124
-87.6839676,41.8913269,44.402064168723356
-87.6789627,41.8949699,38.129658911226564
-87.6756668,41.9023132,47.20072826581702
-87.6377716,41.9087105,64.75195822454309
-87.6925125,41.9123344,33.600177896375364
-87.6791687,41.9149017,51.47593097184377
-87.6835327,41.9166527,51.67345092718227
-87.6598816,41.9210472,55.89201877934272
-87.6697235,41.9263344,53.901200369344416
-87.6451492,41.9310799,70.99328214971209
-87.6497726,41.9347954,70.13607066125567
-87.7869415,41.9388161,59.27099841521395
-87.6821213,41.9406967,32.20183486238532
-87.662468,41.9431763,59.39938519744621
-87.6741562,41.9462585,32.491894395553494
-87.7185745,41.9497414,33.28395061728395
-87.6705551,41.9514618,60.410352063418046
-87.6666641,41.9555016,63.61918261280416
-87.7207489,41.9582672,20.327868852459016
-87.6826935,41.9620514,29.121007227792028
-87.7583389,41.971302,91.4090909090909
-87.7018661,41.9833679,16.33817427385892
-87.7711945,42.0061035,1.9452449567723344
-87.65522,41.6863403,6.950672645739911
-87.6506119,41.6907005,6.165703275529865
-87.6866455,41.6983948,10.804597701149426
-87.6065826,41.7054405,161.50442477876106
-87.5683746,41.7176208,311.1455108359133
-87.6283951,41.7249031,214.4179894179894
-87.6042404,41.7315178,108.74233128834356
-87.6015778,41.7382584,90.32258064516128
-87.6421432,41.7482643,68.47083552285864
-87.577652,41.7558441,140.84337349397592
-87.5628662,41.763752,20.454545454545457
-87.6102219,41.7715378,34.46884805020171
-87.5956879,41.7752571,53.3715925394548
-87.6390762,41.7794533,33.45221112696149
-87.5893478,41.7886581,69.27796130250118
-87.5913696,41.794632,65.61499771376315
-87.5907288,41.797802,63.35600907029478
-87.5941086,41.8021545,58.98089171974522
-87.5928497,41.8062096,57.2977481234362
-87.6081238,41.8086357,29.28082191780822
-87.6135559,41.8124123,27.47603833865815
-87.601387,41.8148003,28.630993745656706
-87.6162033,41.818325,30.963233059860222
-87.6119232,41.8206406,32.79950723744995
-87.6325989,41.8254585,35.54200166343222
-87.6080704,41.8295097,22.865013774104685
-87.6380234,41.8346634,5.888538380651945
-87.6575775,41.8385353,35.62378167641326
-87.6218491,41.8448257,42.54565276642136
-87.639595,41.8497009,34.653712007972096
-87.6337051,41.8552322,35.66047212456052
-87.6227875,41.8573265,54.12130637636081
-87.6481705,41.8619614,45.223844864735455
-87.620636,41.8632927,57.96013461040642
-87.6631622,41.8682938,44.222474460839955
-87.6644211,41.8707161,44.42934782608695
-87.6883392,41.8726959,35.16949152542373
-87.7210388,41.8754845,29.48717948717949
-87.6833115,41.8789101,44.3004023245418
-87.6528625,41.881176,51.669352981809816
-87.695694,41.8838158,34.34120503200177
-87.6169434,41.8897209,65.22842639593908
-87.665802,41.8936272,56.62650602409639
-87.6546707,41.8981628,60.66897347174164
-87.62677,41.9030037,73.9990234375
-87.6283264,41.9052277,72.98543689320388
-87.6818924,41.9083328,53.43425214640759
-87.6382675,41.9113007,64.16034155597723
-87.6511078,41.9134521,54.64953271028037
-87.6492691,41.9145393,54.41969519343493
-87.7855911,41.9169121,141.84952978056427
-87.6408844,41.9181404,67.41866540014249
-87.6501465,41.9203758,53.54013734312101
-87.6376343,41.9215164,62.060721969878074
-87.6648712,41.9235268,53.372093023255815
-87.643837,41.9269562,67.8031212484994
-87.6631546,41.9305344,34.31578947368421
-87.7022171,41.9337502,32.32864478678276
-87.6657867,41.9367561,32.974994157513436
-87.6957932,41.9410553,26.638047898779938
-87.6752167,41.9453354,32.24763224763225
-87.6566544,41.9518623,73.69679579148732
-87.7417984,41.9575195,64.49175824175825
-87.6509857,41.9647179,69.32455498658864
-87.725441,41.9752998,18.563463430632996
-87.6964645,41.9819603,14.170337738619676
-87.6759186,41.9916115,63.81188118811881
-87.72435,41.9969711,8.090976882923192
-87.664032,42.0057068,56.31674915342537
-87.6827774,42.0126534,56.490903484428
-87.6677933,42.0208054,61.004104831070414
-87.6042328,41.7962456,55.41881699086939
-87.6220703,41.8252945,43.200927805160916
-87.6293564,41.8694191,77.775
-87.6923065,41.8941307,40.58901682905226
-87.6786118,41.9378738,25.36764705882353
-87.5450821,41.6491127,20.161290322580644
-87.5426636,41.6513786,27.27272727272727
-87.5353775,41.6533699,28.57142857142857
-87.5487289,41.6558075,14.893617021276595
-87.5499115,41.6652451,1.507537688442211
-87.621048,41.6710167,6.951871657754011
-87.6173172,41.6737137,6.933333333333333
-87.6318512,41.6752396,6.982543640897755
-87.6168976,41.6764984,34.57446808510639
-87.6235275,41.677433,7.614213197969544
-87.6141129,41.678421,195.97855227882036
-87.6219559,41.6792068,7.518796992481203
-87.6191711,41.6801414,33.08080808080808
-87.6441193,41.681263,11.086474501108649
-87.6236725,41.6821251,7.4074074074074066
-87.6231918,41.6831131,7.616707616707617
-87.6534195,41.6842079,7.363420427553444
-87.6188812,41.6849174,172.63681592039802
-87.6707687,41.6866226,13.012048192771083
-87.6135483,41.6869316,185.07462686567163
-87.6098557,41.6877518,186.83544303797467
-87.6185455,41.6884384,174.94089834515367
-87.6370926,41.6892319,8.977035490605429
-87.6633682,41.6899986,10.173160173160174
-87.6695709,41.690815,11.159737417943107
-87.6192169,41.6912041,158.81006864988558
-87.6260834,41.6919022,6.768558951965066
-87.634819,41.6931343,7.851239669421488
-87.6656418,41.6938934,9.533468559837727
-87.6604614,41.6950798,78.66419294990723
-87.6228561,41.6960144,7.922912205567452
-87.6180115,41.6970901,143.95604395604394
-87.5604019,41.6978912,289.4366197183098
-87.6144104,41.6987381,165.40178571428572
-87.6187973,41.6993828,142.15053763440858
-87.6236649,41.7000961,9.166666666666666
-87.5434265,41.7002029,317.1206225680934
-87.6188202,41.7013588,9.433962264150944
-87.5361557,41.7015228,354.66101694915255
-87.6193466,41.7026634,8.8659793814433
-87.6188889,41.7034035,8.847736625514404
-87.5373535,41.7035561,351.68067226890753
-87.5349121,41.7042656,354.66101694915255
-87.6492767,41.7056847,69.78297161936561
-87.6082306,41.7062225,155.69892473118279
-87.5332184,41.7065163,356.17021276595744
-87.538559,41.7073402,359.8360655737705
-87.5337296,41.7079582,372.03389830508473
-87.5361481,41.708992,362.8099173553719
-87.5368423,41.7097282,359.8360655737705
-87.6571274,41.7118721,69.98491704374057
-87.5637054,41.7121162,402.555910543131
-87.6245193,41.7135239,266.44182124789205
-87.6143417,41.7153053,166.72597864768684
-87.5349121,41.7163277,356.55737704918033
-87.5344162,41.7173805,358.0246913580247
-87.5332108,41.7182922,359.5041322314049
-87.5349197,41.7190552,355.1020408163265
-87.6289978,41.7208557,233.67799113737075
-87.5518341,41.7212143,315.49295774647885
-87.6594162,41.7227554,66.04477611940298
-87.6266403,41.7236481,219.23601637107777
-87.6089935,41.7246094,158.19672131147541
-87.5782166,41.7254028,237.04663212435233
-87.6017685,41.7260056,120.71307300509338
-87.5814819,41.7263145,204.47427293064874
-87.5981903,41.7269859,116.8110918544194
-87.6619568,41.7277451,79.19463087248322
-87.6576309,41.728199,158.80398671096344
-87.6595688,41.7289925,139.2156862745098
-87.6054535,41.7296028,159.04761904761904
-87.5888519,41.7300529,170.47970479704796
-87.6058884,41.7308807,152.51141552511416
-87.6648331,41.7317963,77.2192513368984
-87.6565399,41.7325439,162.26611226611226
-87.5433273,41.7324142,332.11678832116786
-87.6529312,41.7336502,86.55544651619235
-87.6578064,41.7343636,140.83250743310208
-87.6043015,41.7343216,98.30985915492958
-87.6074219,41.7350464,93.1909212283044
-87.544014,41.7353516,329.71014492753625
-87.6543503,41.7363281,77.16535433070865
-87.6500702,41.7369003,74.50331125827815
-87.6615448,41.7374878,72.49774571686204
-87.5496445,41.7372131,319.64912280701753
-87.5578537,41.7378616,266.2251655629139
-87.5639496,41.7384491,17.159763313609467
-87.5632553,41.7389107,12.53731343283582
-87.5559616,41.7392998,266.5551839464883
-87.5608292,41.7396774,13.20754716981132
-87.6400299,41.7405281,95.84450402144772
-87.5615463,41.74049,15.407854984894259
-87.5688477,41.740921,271.92575406032483
-87.6016617,41.7413979,20.782122905027933
-87.5421295,41.7415695,190.57971014492753
-87.5826492,41.742157,200.68965517241378
-87.5457764,41.7423477,378.29181494661924
-87.6568375,41.7433205,76.20286085825748
-87.5681839,41.743248,235.36036036036037
-87.5579453,41.7433968,256.8690095846645
-87.59375,41.7442589,7.040572792362769
-87.5451202,41.7442474,392.88256227758006
-87.557106,41.7448349,253.65079365079364
-87.5621414,41.7453575,20.54054054054054
-87.54879,41.7454987,387.45644599303137
-87.6588364,41.7466316,33.53186420488386
-87.5561676,41.746151,279.2332268370607
-87.569458,41.7466507,247.2689075630252
-87.5965805,41.7470627,5.489478499542543
-87.6010666,41.7467422,16.029292107404395
-87.7224503,41.7475166,19.43986820428336
-87.6576767,41.7484741,30.894766460326395
-87.6448517,41.7486649,46.44723092998955
-87.5634079,41.7484245,21.462264150943398
-87.6201935,41.7490387,66.44808743169399
-87.6606445,41.7495041,30.447085455574417
-87.6674042,41.7492027,28.45825716026813
-87.556839,41.7493019,275.6024096385542
-87.592659,41.7497444,6.133333333333333
-87.5537262,41.7497215,347.7707006369427
-87.5738678,41.7501259,207.11743772241994
-87.5617065,41.7504768,21.904761904761905
-87.6643295,41.7513809,24.517906336088156
-87.6716003,41.7512512,9.723889555822328
-87.5715103,41.7514,216.75977653631287
-87.6461639,41.7522202,43.9618138424821
-87.6080322,41.7523155,42.15297450424929
-87.6510315,41.7529793,44.11624583134826
-87.6529541,41.7533646,6.428571428571428
-87.656601,41.7536659,25.688073394495415
-87.5666046,41.7533455,19.461697722567287
-87.6651001,41.7541809,22.565922920892493
-87.6073837,41.7543526,40.82519001085777
-87.6080933,41.7547607,39.8828541001065
-87.5543137,41.7546577,321.9941348973607
-87.5623093,41.7551575,32.89473684210527
-87.6283493,41.7559204,56.76916016521341
-87.6426163,41.7564659,40.20255394099516
-87.6026077,41.7565041,41.02844638949672
-87.6081467,41.7569962,38.721047331319234
-87.6093674,41.7574501,38.05748265609515
-87.5899124,41.757782,60.76872100728959
-87.559494,41.7578583,126.92307692307692
-87.6155777,41.758831,8.545797922568461
-87.5889816,41.7589836,59.661678594664934
-87.6099319,41.7594414,37.099903006789525
-87.6172104,41.7597847,40.36228518346493
-87.5638428,41.7596054,28.994082840236686
-87.587677,41.759922,60.299869621903525
-87.6607513,41.7606659,34.45661331086774
-87.6402893,41.7603912,38.005050505050505
-87.6463852,41.7611351,37.315875613747956
-87.6718903,41.7614746,5.053667262969588
-87.5621872,41.7610168,30.443548387096776
-87.5814362,41.7612953,89.3019726858877
-87.6172562,41.7618752,27.50572082379863
-87.5961151,41.7619667,3.54122621564482
-87.622757,41.7623215,56.58012533572068
-87.6433945,41.7626038,34.38266557645135
-87.6618195,41.7628555,29.778506972928632
-87.7166061,41.7634926,8.478513356562138
-87.641922,41.7630577,34.57905544147844
-87.6798019,41.7637291,18.875878220140514
-87.5966492,41.7633438,3.3696215655780195
-87.6841125,41.7641182,17.887394120577977
-87.6501083,41.7641678,32.27973133148953
-87.6112442,41.7641106,34.72609099350046
-87.6508179,41.764637,31.973322871714398
-87.6425781,41.7645302,33.829444891391795
-87.63134,41.7649803,38.01862828111769
-87.5898438,41.7648544,51.578947368421055
-87.6438828,41.7654266,34.52239397542608
-87.6163559,41.7653008,7.972665148063782
-87.6313782,41.7658386,51.780477586929194
-87.648941,41.7660904,34.59899263851221
-87.6557159,41.7664108,25.16402933230413
-87.6156311,41.7664871,7.94010889292196
-87.616539,41.7667122,7.9422382671480145
-87.6866302,41.7672501,18.874172185430464
-87.6538315,41.7674751,5.293221629855293
-87.6659698,41.7675781,29.20622863653627
-87.6618271,41.7679977,30.97378277153558
-87.635643,41.7680359,32.84059129045146
-87.6876144,41.7685356,20.355638745905473
-87.6278076,41.7686081,51.26189491104676
-87.6842422,41.7692337,19.064124783362217
-87.6824188,41.7695618,18.104906937394247
-87.6167068,41.7694321,38.38028169014084
-87.5943756,41.7694168,45.20139234211835
-87.725853,41.7704887,14.454976303317535
-87.6582489,41.7703285,31.41399416909621
-87.6624146,41.770565,29.660707770886535
-87.6800156,41.7709427,18.973941368078176
-87.6174164,41.7705116,44.10480349344978
-87.6497726,41.7710991,32.00883002207506
-87.574852,41.7707977,94.14929388029589
-87.6413193,41.7717361,30.419977298524405
-87.6278992,41.7718048,49.556451612903224
-87.6570511,41.7720375,31.078147612156293
-87.622345,41.7721443,52.462437395659435
-87.709137,41.7727737,18.84476534296029
-87.6843491,41.7729874,17.72819472616633
-87.6805649,41.773159,18.54616895874263
-87.6429596,41.7730865,34.54680534918276
-87.724205,41.7737503,13.461538461538462
-87.6467056,41.7735748,35.25990548891313
-87.5736923,41.7731094,91.74311926605505
-87.7880173,41.7743835,12.028301886792454
-87.6619873,41.7742004,27.029914529914528
-87.7710266,41.7749748,8.94308943089431
-87.7648544,41.7750015,7.721280602636535
-87.7235413,41.7751312,14.081632653061224
-87.6681213,41.775032,29.359745313052706
-87.7624512,41.7755775,6.642728904847396
-87.7098312,41.775486,20.16348773841962
-87.7630005,41.7759552,6.6907775768535265
-87.7050171,41.7759399,17.584369449378332
-87.6474457,41.7752113,34.76702508960574
-87.598175,41.7757149,53.84257102934327
-87.6851349,41.7762985,17.66770670826833
-87.5956802,41.7761879,52.96348980559507
-87.6961212,41.7768135,14.10845588235294
-87.7193604,41.7771378,10.517666392769105
-87.6613693,41.7769203,26.554856743535986
-87.7896423,41.7778091,7.906976744186046
-87.6474991,41.7773285,33.28621908127209
-87.706543,41.7777328,17.227138643067846
-87.6359558,41.7776413,32.64171915524268
-87.6869278,41.7781792,18.46272692159135
-87.6699295,41.7782288,20.179063360881543
-87.6658096,41.7783852,25.19820751465012
-87.6383514,41.7784233,32.03040173724212
-87.721962,41.7789421,11.16751269035533
-87.5920486,41.7785072,66.4265129682997
-87.7658157,41.7799606,7.964601769911504
-87.7353668,41.7800751,26.23138602520046
-87.6682205,41.7799339,18.39863713798978
-87.7016068,41.7803535,14.581328200192493
-87.7297897,41.7806931,12.729124236252545
-87.7367477,41.7809372,26.382488479262673
-87.6870041,41.7809029,16.970802919708028
-87.7207336,41.7811546,9.7953216374269
-87.6626968,41.7811966,17.347283158960515
-87.6882401,41.781517,17.10187568959176
-87.673111,41.7817574,3.7235826903723583
-87.6699905,41.7819138,12.865300638226401
-87.7084427,41.7822685,16.511245200219417
-87.6591034,41.7823448,10.969473331096948
-87.6505814,41.7824478,30.35230352303523
-87.7053223,41.7828712,17.876543209876544
-87.6436386,41.7827568,31.337666780704755
-87.7053375,41.7834511,17.72771792360431
-87.5935669,41.7829971,64.19234360410832
-87.6563416,41.7834854,4.816053511705685
-87.7237854,41.7842484,12.5544267053701
-87.6136169,41.7831345,49.01071723000825
-87.6919708,41.7844353,14.544781643227239
-87.6567078,41.7844658,6.073680716893462
-87.7123337,41.784935,10.300925925925926
-87.6347351,41.7847443,31.125131440588856
-87.6055145,41.7846184,60.129310344827594
-87.6555176,41.7855377,2.175346077785102
-87.6489334,41.7856941,29.87703555998671
-87.6337433,41.7856598,44.32413552217953
-87.6543198,41.7861748,2.171767028627838
-87.6714783,41.7864037,7.377315567110822
-87.6865234,41.7867813,14.520908791570628
-87.6629715,41.7870483,12.536255236867547
-87.6458588,41.7875252,30.29100529100529
-87.6915588,41.7880783,15.074525745257453
-87.6859894,41.7884865,14.411764705882351
-87.6526566,41.7885818,21.541438245727186
-87.659256,41.7889023,13.409596441054973
-87.6660309,41.7892876,12.346456692913387
-87.7825928,41.7901344,100.20242914979758
-87.6531982,41.7897415,18.807778131973222
-87.7013702,41.7901726,14.561606797991503
-87.7055664,41.7904625,15.656565656565657
-87.6295547,41.7903252,45.893223819301845
-87.6745682,41.7908478,3.90625
-87.5968857,41.7905998,60.74306177260519
-87.6178741,41.7909737,44.48979591836735
-87.6544571,41.7914124,1.6244923461418308
-87.6697388,41.7916489,14.20578178427106
-87.6264114,41.7916069,46.16706772086628
-87.6624527,41.7919769,12.757454657239473
-87.6052628,41.7918663,57.94201714985709
-87.6654282,41.7924995,12.722256284488045
-87.6612625,41.7926178,12.652811735941318
-87.6673355,41.7928505,12.837009803921568
-87.7787094,41.7934723,93.3085501858736
-87.780983,41.7938004,95.37572254335261
-87.7181015,41.79356,30.266893810335038
-87.6163254,41.7933311,34.24807903402854
-87.7529221,41.7943039,58.50673194614443
-87.6995544,41.7942352,12.455389007851535
-87.7104034,41.7945862,15.024520731163621
-87.6492615,41.7945175,26.970443349753694
-87.7051773,41.7951736,15.104570100697135
-87.7542343,41.7955093,58.333333333333336
-87.5860901,41.7945023,64.88151658767772
-87.6533508,41.7955399,16.29718394248053
-87.7534943,41.7963181,57.17703349282297
-87.6779404,41.7959747,12.567324955116696
-87.6715927,41.7962379,12.389118864577172
-87.592247,41.7959862,63.212669683257914
-87.6710892,41.7966232,12.367178276269184
-87.6339417,41.7966309,29.773669110615238
-87.6655426,41.7969589,14.819136522753793
-87.7559814,41.7976532,58.47665847665847
-87.6631088,41.7972603,15.364431486880466
-87.7290344,41.7977905,44.01791426743442
-87.6541061,41.7976952,4.1310120979640015
-87.6967163,41.7980347,7.36409608091024
-87.7106934,41.7983551,16.763245033112582
-87.6687012,41.7983093,16.940836940836938
-87.6723557,41.7984848,14.067894131185271
-87.6638412,41.7985992,16.123449668301124
-87.7077408,41.7990723,14.80916030534351
-87.6497879,41.7989731,29.32198415027884
-87.6504974,41.799099,27.339395717219126
-87.7285995,41.7998352,42.58578431372549
-87.5970535,41.7990685,43.472750316856775
-87.6541595,41.7998428,4.04975412207116
-87.6663208,41.8001518,17.260894170911147
-87.693634,41.8004036,2.633969118982743
-87.6724091,41.8005676,13.845719129697653
-87.5912247,41.8002319,61.535048802129545
-87.6726151,41.8009872,13.818386914833617
-87.6517639,41.8012466,28.768699654775602
-87.6729584,41.8016014,6.227208976157083
-87.656868,41.8016815,11.733107152954481
-87.6547318,41.802002,3.9954661377160665
-87.6936951,41.8025017,2.642517814726841
-87.600235,41.8015785,47.435387673956264
-87.6810303,41.8027267,12.187587756248245
-87.650589,41.8028488,28.774928774928775
-87.6787109,41.8032761,11.6369710467706
-87.6238327,41.8033638,41.795763515649696
-87.6463776,41.8036499,29.531160663236133
-87.7299652,41.8044739,40.42679312388856
-87.6725082,41.804348,13.393590797041908
-87.6142502,41.8045807,6.890756302521009
-87.6621017,41.805191,17.104542966611934
-87.722641,41.8058777,26.230339928970064
-87.6567383,41.8055229,4.37414030261348
-87.6441879,41.8058929,28.87183859050867
-87.6152649,41.8060303,7.40862693447481
-87.6597061,41.8065109,16.9811320754717
-87.6329575,41.8066826,40.696987595983465
-87.6604233,41.8071327,17.057220708446867
-87.6884232,41.8073273,10.95852787695688
-87.6689453,41.8076897,15.316045380875204
-87.6811142,41.8078003,11.702986279257466
-87.6597443,41.8079147,15.71350762527233
-87.6994781,41.8084297,29.14850334205173
-87.6900482,41.8086014,10.865410865410865
-87.6172028,41.8085289,6.613672496025437
-87.7264328,41.8092003,32.591414944356124
-87.6172104,41.8088951,6.60107902253253
-87.673851,41.8096161,3.1291434632723414
-87.6420135,41.8095818,28.115373844861384
-87.7024689,41.8102036,30.64988290398126
-87.7115555,41.8106651,21.02946156451067
-87.6946259,41.8105927,21.848509707410447
-87.6889648,41.8107834,10.604453870625663
-87.6988373,41.811245,28.855860908581043
-87.668335,41.8113632,15.061202767429481
-87.6098785,41.8111076,28.325612177365983
-87.6390457,41.81147,33.50253807106599
-87.6192245,41.8117104,39.476117103235744
-87.6391449,41.8119888,33.690140845070424
-87.7093735,41.8123856,33.60198388096714
-87.696434,41.8125496,26.446727961060034
-87.686676,41.8128357,12.917536534446764
-87.7258987,41.8136368,8.88995675156175
-87.6879044,41.8135986,13.383772501956692
-87.6435852,41.813694,25.407346037006352
-87.6386261,41.8138275,44.03489026449072
-87.7013931,41.8145256,28.740374037403743
-87.5949936,41.8141212,50.13343499809378
-87.6923141,41.8151016,12.369519832985386
-87.6703491,41.8151474,15.884665792922673
-87.6202316,41.8150291,37.50754375377188
-87.6448517,41.8156586,25.23926715887339
-87.6193314,41.8155785,37.40550347747203
-87.6149216,41.8160973,32.87967831735231
-87.6911469,41.8169174,12.606561611986567
-87.640213,41.8169212,23.940149625935163
-87.6193771,41.8173981,37.16947115384615
-87.6180267,41.817749,36.88350983358548
-87.6856232,41.818325,12.783295136236314
-87.603714,41.8183022,27.571333775713335
-87.6055756,41.8188934,28.983160621761655
-87.6965027,41.8197861,25.38501026694045
-87.6016388,41.8197746,7.469717362045761
-87.6406326,41.8204918,24.452954048140043
-87.6060181,41.8207169,28.448275862068968
-87.692955,41.8216667,8.253407370015143
-87.6921005,41.8221931,13.542713567839195
-87.6865845,41.8226814,37.26273726273726
-87.707962,41.823185,25.720906282183314
-87.7103043,41.8236732,6.821140328039572
-87.7114487,41.8240433,6.878445786295615
-87.670578,41.8242836,27.48493975903614
-87.665802,41.8247604,14.98108448928121
-87.6450882,41.8246155,22.081016679904685
-87.6431808,41.8251953,21.57852777039596
-87.6220703,41.8254509,43.163383545770564
-87.6736069,41.8263931,37.6456009913259
-87.6760559,41.8268547,31.49062191510365
-87.6408844,41.8269424,19.989353207346287
-87.6670151,41.8275146,22.979358368565034
-87.6902161,41.8280449,13.380453326834024
-87.6687698,41.828186,28.0545229244114
-87.6694717,41.8284416,28.16134620143529
-87.6780319,41.8288994,37.12604217753801
-87.6475067,41.8289452,25.03232479958624
-87.6834106,41.829567,36.51562878604313
-87.6790085,41.8298721,37.07947342759629
-87.6869125,41.8305054,36.05804111245465
-87.6730652,41.8310699,40.0
-87.6671066,41.8315964,30.95998035845814
-87.6551285,41.8318062,4.973624717407687
-87.6472168,41.8320541,24.92315573770492
-87.6550064,41.8324699,20.535937891309793
-87.6811218,41.8331146,35.91028394178
-87.6445923,41.83321,25.167439464193713
-87.677475,41.8337479,32.5214899713467
-87.6421738,41.8337517,23.324675324675326
-87.6677094,41.8343773,32.80077463083999
-87.6446228,41.8345795,24.92946909463965
-87.6519394,41.8350105,37.74338492261607
-87.6397705,41.8352928,15.519040166927493
-87.6416931,41.8355408,22.81064324463963
-87.6380539,41.8360672,7.738562091503268
-87.6422348,41.8365021,22.635221738015893
-87.7276611,41.8373299,45.51175886054985
-87.7093658,41.8375168,21.700809909480707
-87.6524353,41.8373146,32.64800594500867
-87.70327,41.8379326,20.77706704572376
-87.6491623,41.83778,37.905236907730675
-87.7106094,41.8383865,27.624703087885987
-87.6607132,41.8383904,36.65377176015474
-87.7113342,41.8390694,27.568208778173194
-87.6592636,41.8389282,35.82848837209303
-87.7357025,41.8391914,50.559933637494815
-87.6615448,41.8393631,36.3745787193067
-87.7228546,41.839901,35.993572576325654
-87.6423264,41.8396568,33.501896333754736
-87.714325,41.8402977,27.227369921596576
-87.7101517,41.8405304,28.156028368794328
-87.6375046,41.840313,20.54054054054054
-87.6393814,41.8405609,32.960893854748605
-87.7253342,41.8412361,42.79624893435635
-87.6344681,41.8408928,7.007526602647288
-87.7168045,41.8416405,28.54077253218884
-87.6500397,41.8414536,33.99014778325123
-87.727272,41.8421059,45.661407766990294
-87.703392,41.8422318,21.7381174277726
-87.7309418,41.8425865,51.320754716981135
-87.6455002,41.8424377,35.60079443892751
-87.7278137,41.8431625,46.010394374808925
-87.7138977,41.8434753,27.229936455636622
-87.712677,41.8435936,29.68529826209488
-87.7102432,41.8439445,30.99743050689091
-87.6603394,41.8441811,48.85222381635581
-87.7102737,41.8448906,29.699510831586302
-87.715683,41.8451424,27.711126793695602
-87.6407166,41.8451424,35.467733866933465
-87.7078629,41.8458557,24.37110546965151
-87.6389618,41.8456955,33.70165745856354
-87.640625,41.8460541,35.405742821473154
-87.7176514,41.8469238,29.145016532829477
-87.7047577,41.8470535,21.441689623507806
-87.6908646,41.8473015,13.241695303550975
-87.7066956,41.8474388,21.43184947223497
-87.7018127,41.8479118,22.86892758936755
-87.7060242,41.8484993,22.887163088168112
-87.7000122,41.8488045,22.96925195043598
-87.7042999,41.8490906,22.640218878248973
-87.6788635,41.849144,44.528910389311214
-87.6913071,41.8494873,19.110907424381303
-87.7219162,41.8500252,31.543462557187574
-87.7201843,41.8502541,31.43733773896625
-87.7067795,41.850441,25.079509313948208
-87.7307663,41.8508453,43.36906584992343
-87.6947327,41.8507347,33.39432753888381
-87.7080231,41.8511162,26.619686292339168
-87.7146378,41.8513374,28.888888888888886
-87.7262344,41.8519135,35.94195387406064
-87.7254562,41.852314,34.86146095717884
-87.7324066,41.8527374,43.65079365079365
-87.6354599,41.8516808,25.898918783002262
-87.7127304,41.8531761,32.206082614616435
-87.6810303,41.8532715,44.09090909090909
-87.7068787,41.8537712,26.68015284333558
-87.712059,41.8541336,16.36978579481398
-87.6844711,41.8541374,34.19864559819413
-87.6746292,41.8542976,39.555657352267524
-87.6650314,41.8544502,42.84384454270421
-87.6732025,41.8547363,35.30087276067984
-87.7207642,41.8552361,14.733178654292342
-87.7232361,41.8553734,30.414201183431956
-87.6285858,41.8542175,44.989775051124745
-87.6717758,41.8556328,32.81428898557362
-87.6485214,41.8558426,40.14475271411339
-87.7142639,41.8564186,15.27060408713227
-87.7179565,41.8566284,18.59148550724638
-87.7220306,41.8567772,17.55689735253135
-87.6534882,41.8568268,41.82726623840114
-87.6705627,41.8570824,45.049165332723526
-87.6817627,41.8573341,43.99372478709099
-87.7099457,41.8577766,19.131403118040087
-87.6592178,41.8577156,44.92278895648105
-87.645874,41.8577919,42.56298449612403
-87.7111893,41.8586121,19.638876504681228
-87.6649399,41.8584633,46.42446539434353
-87.6473389,41.8588715,45.64745599228358
-87.6610107,41.8591118,44.72583643122677
-87.6672897,41.8593369,45.408747423860774
-87.7368698,41.8600998,15.975317106616387
-87.7290192,41.8602371,17.89832285115304
-87.6228485,41.859642,56.722580645161294
-87.7290497,41.8612404,17.7369238736406
-87.691925,41.8613701,39.68539325842696
-87.6464462,41.8616104,45.445783132530124
-87.7315445,41.8628922,33.45353675450763
-87.7115402,41.8632774,18.0462839341344
-87.6936798,41.8635941,39.21875
-87.6268921,41.8636818,56.48758236188546
-87.7096252,41.8647881,24.013303769401332
-87.7316208,41.8653564,29.545454545454547
-87.7100372,41.865757,31.46589902568645
-87.7297363,41.8667564,28.253643569419584
-87.6999359,41.8671341,37.2806043101533
-87.7174683,41.8674393,31.049822064056944
-87.7721176,41.8680687,70.35003431708992
-87.6651917,41.8677025,43.57175192394749
-87.686882,41.869072,33.8163174320107
-87.738266,41.8697052,37.18626155878468
-87.6986084,41.8698616,36.71978751660026
-87.7042999,41.8703232,34.13292253521127
-87.6869659,41.8705025,34.38267470417504
-87.7355194,41.871151,26.559766763848398
-87.6620255,41.8704948,44.803274960200135
-87.736145,41.8717461,27.0326409495549
-87.6536484,41.8716049,46.880776340110906
-87.7207565,41.8722534,29.641983544585276
-87.7124176,41.8724403,35.33157663592446
-87.715271,41.8728256,34.20589529256489
-87.7044907,41.8730164,32.02800262524612
-87.7610855,41.8735847,71.5539494062984
-87.7642517,41.874218,80.38147138964578
-87.7364426,41.8744774,35.35798122065727
-87.6970291,41.8745728,27.989429641048226
-87.7541046,41.8751183,48.92053284336242
-87.7538757,41.8755074,48.56361149110807
-87.710434,41.8756828,35.74078114771984
-87.7634583,41.8762894,78.04232804232805
-87.7467728,41.876503,43.194335169158144
-87.7002106,41.8767204,30.89395267309378
-87.7632217,41.8771973,76.21283255086072
-87.6492081,41.8768654,64.5707656612529
-87.7622147,41.8777313,75.45033453422543
-87.7409515,41.8777428,35.671342685370746
-87.7584152,41.8781662,66.11570247933885
-87.7008591,41.8780365,30.685051433574085
-87.7027359,41.8784027,32.009600698232596
-87.6837006,41.8782997,44.278050961108626
-87.6929626,41.8786392,33.384921512270616
-87.7311401,41.8790588,31.383917317872445
-87.6894455,41.8788719,33.83040284887603
-87.7242203,41.8795204,30.63083074189249
-87.7017822,41.8798981,30.618038873116397
-87.6848984,41.8801384,45.57046979865772
-87.7559586,41.881012,43.15886134067952
-87.7686157,41.8812866,85.26734926052332
-87.7010269,41.8816872,30.66987740805604
-87.679512,41.8819275,44.715629198387816
-87.6584549,41.8820648,44.29484253765404
-87.7077637,41.8824768,33.44198174706649
-87.7219925,41.8824806,25.813496396593145
-87.7620926,41.8833618,72.19463753723933
-87.7104187,41.8831787,33.3477977869386
-87.7548523,41.8840332,52.04081632653062
-87.7384109,41.8842239,30.113636363636363
-87.7463074,41.884716,56.61899523285662
-87.7322922,41.884964,39.19404517453799
-87.7671585,41.8855247,91.48590021691973
-87.709816,41.8856087,38.02083333333333
-87.7598953,41.8861542,57.11565920990005
-87.7019272,41.8861275,35.48740416210296
-87.7120132,41.8866844,35.76547231270359
-87.7132111,41.8871346,36.35574837310195
-87.752037,41.8883362,47.15481171548117
-87.7520676,41.8890724,46.43898375676802
-87.7610779,41.8892784,56.78127984718243
-87.6618195,41.889431,57.44487383496249
-87.7617416,41.8903084,57.16346153846153
-87.7485962,41.8907089,41.86219739292365
-87.7567444,41.8908653,55.61041292639138
-87.7656174,41.8912773,82.77096114519428
-87.703537,41.8911934,34.493324578682426
-87.7158279,41.8915176,34.22135585878276
-87.6858063,41.8914299,43.79202151501569
-87.6680298,41.8915825,44.31381415328962
-87.7687607,41.8922195,71.55361050328227
-87.6806107,41.8919792,47.8819287967553
-87.7226791,41.8924828,14.03470715835141
-87.7226791,41.8926811,14.099783080260304
-87.7061157,41.8926773,42.59785698666084
-87.7219925,41.8930817,34.23559982676483
-87.6790314,41.8928795,42.621841155234655
-87.7744904,41.893528,66.56516443361754
-87.7141647,41.8934364,36.093648384998914
-87.7512283,41.8937492,49.56418383518225
-87.6150665,41.8930664,61.14795918367347
-87.722023,41.8941116,34.25043327556326
-87.7490463,41.8942833,47.039352703199704
-87.6896133,41.8941574,39.852973936288706
-87.7215347,41.8946037,34.2578548212351
-87.6300659,41.8942986,80.11103065411538
-87.6735916,41.8947868,44.50499545867393
-87.6883545,41.8950691,37.56980120616484
-87.6921539,41.8954086,40.638156436959896
-87.6634216,41.8954849,59.55261355854827
-87.7663116,41.8963509,65.23736600306279
-87.7338715,41.8964806,31.14278173660596
-87.7203598,41.8966064,34.11204845338525
-87.6383514,41.8962212,60.85721051385271
-87.7270126,41.8970222,35.93819973130318
-87.6637497,41.8967743,58.07261931947934
-87.7502289,41.8974457,48.073325851103625
-87.6549454,41.8971443,53.941908713692946
-87.7625732,41.8978729,54.7925608011445
-87.6971359,41.8978653,28.91193996910174
-87.7160492,41.8981476,33.838821490467936
-87.6777191,41.8979836,40.32184950135993
-87.687767,41.8981972,37.68180801074066
-87.6802673,41.8983231,37.59891476373502
-87.7228775,41.8988495,34.61538461538461
-87.7749252,41.8991432,79.92831541218638
-87.6317139,41.8983841,71.45948545323395
-87.7290192,41.8992691,40.83548462802159
-87.6647263,41.899086,57.29023383768913
-87.7659225,41.8999023,69.71371170266197
-87.7707901,41.9001083,79.56810631229236
-87.6272125,41.8994026,71.84536834427425
-87.6977081,41.9000893,31.02230072863767
-87.665947,41.8999901,57.72227314390468
-87.7271194,41.9006233,38.54143147437345
-87.6884918,41.9005394,42.451353164840086
-87.7323151,41.9010086,44.96402877697842
-87.7541733,41.9014435,56.2551103843009
-87.7627182,41.9015236,60.0
-87.6951904,41.9013748,35.91954022988506
-87.669548,41.9014511,64.02662993572085
-87.6936646,41.9017639,36.18057092277052
-87.6303406,41.9016266,75.59739319333816
-87.6756592,41.9022446,47.211472797632595
-87.6768723,41.9020081,41.8768461713247
-87.7308807,41.902874,43.51920693928129
-87.7319489,41.9032288,44.8990028125799
-87.7109299,41.9034538,40.078243860030426
-87.7471313,41.9038963,46.498980285520055
-87.7259979,41.9041023,39.033124440465535
-87.6280365,41.9037437,72.95261239368165
-87.7606659,41.9047737,56.68181818181818
-87.6930923,41.9045334,27.401505090748117
-87.7096939,41.904892,40.195865070729056
-87.7245941,41.9051399,38.49039947031561
-87.7100296,41.9052734,40.08273459612454
-87.6376343,41.9044571,66.81710213776722
-87.711937,41.905777,43.476366804617726
-87.6837997,41.9059792,54.35516542876435
-87.674614,41.9060364,46.083788706739526
-87.6831055,41.9064369,55.330178048230785
-87.6304779,41.9062996,68.97299903567985
-87.6645813,41.9068069,63.59425660027791
-87.7550278,41.9074707,68.7041564792176
-87.6641235,41.9072609,62.16404077849861
-87.6953506,41.9077339,28.25221238938053
-87.6887436,41.9079437,50.347144456886895
-87.7231674,41.9082718,40.4531456225253
-87.6362534,41.9079819,66.7697431018078
-87.7268295,41.9084702,42.18464351005484
-87.6684723,41.9085655,54.581031307550646
-87.7080078,41.9089203,44.461404273877015
-87.7244186,41.909317,40.73992024811697
-87.6272125,41.9090385,65.09250243427459
-87.6887894,41.9095726,51.546391752577314
-87.6611786,41.9096909,60.116279069767444
-87.7308807,41.9104538,46.467460116485185
-87.7308884,41.9106255,46.49100582721054
-87.7000198,41.9105148,23.84835794577915
-87.7080078,41.9108658,42.7292576419214
-87.786232,41.9112778,106.41025641025641
-87.682724,41.9111176,53.931314957071855
-87.7161407,41.911377,41.288782816229116
-87.7503357,41.9116631,61.91829484902309
-87.6973343,41.9116821,28.47975215755698
-87.7513199,41.9120407,62.33576642335766
-87.7200928,41.9120407,41.68301722258557
-87.7573471,41.9125137,74.91452991452991
-87.7031174,41.9123306,39.51701427003293
-87.6524506,41.9120255,57.06293706293706
-87.7634506,41.9121399,88.93093661305582
-87.6912994,41.9127045,34.00402414486921
-87.7474136,41.9130058,36.04921849018955
-87.789566,41.9135094,159.2094196804037
-87.6881638,41.9131203,50.47127468581688
-87.6389618,41.9130859,64.207779886148
-87.6717758,41.9134941,57.37179487179487
-87.6395874,41.91362,64.66682475693621
-87.7735214,41.9145241,86.40226628895185
-87.7060089,41.9144402,20.363477118458505
-87.673378,41.9144592,56.08139003200732
-87.6414795,41.9144745,67.74040738986263
-87.6369705,41.9146194,64.2245480494767
-87.6967773,41.9151115,30.141843971631204
-87.6778717,41.9152184,47.4294813466788
-87.7512054,41.9155426,63.101220387652546
-87.7286148,41.9158173,43.75
-87.6511993,41.9156113,52.7264217177627
-87.6366425,41.9157066,63.03881876637295
-87.7028351,41.9161453,29.05003306149438
-87.7098236,41.9164085,19.143356643356643
-87.6928558,41.9163589,32.90236290682122
-87.7139664,41.9166679,17.853254953189637
-87.676033,41.9167442,56.58914728682171
-87.6989594,41.9169388,29.880478087649404
-87.7384415,41.9175339,21.09491222850342
-87.7427902,41.9176178,23.677660236465464
-87.7330475,41.9178734,47.15601300108342
-87.7208099,41.9176598,18.37588028169014
-87.7812729,41.9184151,105.60553633217992
-87.6577454,41.9178162,47.87209028920762
-87.7563248,41.9181633,69.6969696969697
-87.6427917,41.9179077,68.94998814885044
-87.7776337,41.9189224,106.04764813683568
-87.6852951,41.9185219,51.56849469645678
-87.6516495,41.918396,56.43143733773896
-87.654953,41.9186363,56.12918434700613
-87.69767,41.9189262,30.004428697962798
-87.7771378,41.9195862,125.63636363636364
-87.7788773,41.9196434,109.8422712933754
-87.6997452,41.9192734,29.747675962815407
-87.732399,41.9196281,21.586616297895304
-87.7331085,41.9197578,21.285909712722297
-87.7155838,41.9197807,17.893816910640155
-87.7801132,41.9202919,122.12793733681463
-87.6993561,41.9198685,29.98450984731135
-87.656723,41.9199982,53.26112550035319
-87.7154617,41.920311,18.44808743169399
-87.6501389,41.9201698,53.50212967345007
-87.725235,41.9205818,17.328687572590013
-87.6798859,41.9205551,52.298588984979524
-87.7686691,41.9210968,90.58458354888774
-87.657959,41.9207344,47.67387218045113
-87.7569427,41.921299,72.45409015025042
-87.7177658,41.921402,17.37891737891738
-87.768692,41.9218521,90.83376488865873
-87.7167358,41.9215965,17.359894921190893
-87.6817474,41.9215698,52.60404821469184
-87.7801819,41.9222527,122.28047182175624
-87.7319565,41.922226,16.630611141157384
-87.6660156,41.9218826,56.2006502554575
-87.7282867,41.9224434,15.299446401610467
-87.7772522,41.9228325,113.86861313868613
-87.7723846,41.9229393,103.76731301939057
-87.7675247,41.9230537,87.18079673135854
-87.6951599,41.9227104,37.53339269813001
-87.7711868,41.9233856,101.2486427795874
-87.7234116,41.9230309,13.772727272727273
-87.6811523,41.9231682,52.03826007743111
-87.7108917,41.9234543,33.9332748024583
-87.697052,41.9235306,33.54810042212842
-87.6859436,41.9236145,52.84424379232505
-87.7155228,41.9239464,50.44946283709712
-87.6843109,41.923954,52.070604209097084
-87.6448898,41.9239616,66.96875745289769
-87.7632065,41.924984,89.92537313432835
-87.7748947,41.9252167,91.8165989553105
-87.7553329,41.9253311,68.49153209925167
-87.7002106,41.9253845,32.88067675868211
-87.693428,41.9255447,37.85298072613178
-87.7320633,41.9259071,16.33158909391352
-87.6885529,41.9258995,36.64414414414414
-87.660881,41.925869,56.612638007986845
-87.7632675,41.9265442,75.31556802244039
-87.7578125,41.92659,79.43686006825939
-87.6953812,41.9264908,37.79861576244697
-87.7338409,41.9268532,16.570771001150746
-87.7430649,41.9270058,27.035623409669213
-87.6472321,41.9267044,67.52626552053485
-87.7186432,41.9272957,50.97474523704032
-87.6893082,41.9272537,37.69161406672678
-87.7402039,41.9275742,25.46933667083855
-87.694191,41.9273338,37.79668607254814
-87.7615662,41.927948,91.59353348729792
-87.7215042,41.9279404,50.95151789759855
-87.6958008,41.9278946,37.642330877428
-87.7847443,41.9287224,153.05970149253733
-87.7192764,41.9285889,53.26498774236684
-87.7755432,41.9290009,108.24014125956445
-87.6403275,41.9280281,65.2740883844482
-87.6564255,41.928688,50.97946660372905
-87.7408218,41.9293251,25.43334383863851
-87.7204361,41.9294968,47.868260771486575
-87.7620926,41.9297676,49.11545623836127
-87.7408371,41.9298439,25.42533081285444
-87.778717,41.9302635,104.70139771283355
-87.7567291,41.9303207,34.097421203438394
-87.647377,41.9299049,69.92122224874672
-87.7631989,41.9306679,49.50448324681454
-87.7530975,41.9308014,36.05003790750569
-87.7143707,41.9308434,50.34239010382151
-87.7150803,41.9309731,50.40920150409202
-87.6461716,41.9308891,70.98011023244668
-87.7621841,41.931591,49.5817843866171
-87.7201996,41.9316139,48.93133242382902
-87.7751312,41.9321213,59.27230046948356
-87.7227478,41.932106,51.86584789796882
-87.6475983,41.9318695,70.21988527724665
-87.7359543,41.9326744,26.918465227817745
-87.710228,41.9326019,50.50817498895272
-87.7841949,41.9332848,145.15418502202644
-87.7617569,41.9333038,49.26131117266851
-87.6895065,41.9329796,30.490839176656863
-87.6675491,41.9330635,34.71189591078067
-87.7113419,41.9334221,50.50795053003534
-87.7083359,41.9337578,51.017699115044245
-87.6931305,41.9338036,28.89039242219215
-87.7181625,41.9339867,52.47011053462667
-87.7047653,41.9341202,36.11357586512866
-87.6936646,41.9341812,28.79368658399098
-87.7215424,41.934166,51.47679324894515
-87.6526031,41.9342155,69.62205847397195
-87.6680908,41.9345398,34.71899674872272
-87.6908493,41.9346046,30.24412296564195
-87.7291107,41.935154,41.91075828086504
-87.7402496,41.9354401,30.944831959416614
-87.7110901,41.9355087,54.547466253595935
-87.7525177,41.9357529,33.321019578869596
-87.6408844,41.9349403,67.5498298492951
-87.6755753,41.9356995,37.39930955120829
-87.6993713,41.935997,26.74288276171262
-87.7655487,41.9365082,41.63405088062622
-87.7091141,41.9365005,54.7328751939703
-87.695137,41.9364433,28.10810810810811
-87.7257843,41.9363441,38.84744018523283
-87.7613602,41.9370766,40.86071263304026
-87.7619095,41.9373741,41.14631873252563
-87.7164536,41.9369431,55.460481873451926
-87.6573029,41.9370613,56.63905325443787
-87.6722488,41.9371758,33.97361721823652
-87.7103577,41.9376488,54.80790584055074
-87.7108765,41.937706,54.763491005996
-87.7807236,41.9381256,73.27707454289732
-87.6965942,41.9378471,20.328680774425933
-87.6839905,41.9379425,31.3555454130534
-87.6753082,41.9380493,33.76353998617193
-87.6858826,41.9382782,31.127785356980446
-87.6779633,41.9383202,25.327510917030565
-87.7084808,41.9388695,54.654521217507224
-87.807663,41.9395676,98.27956989247312
-87.785408,41.9395103,76.19414483821262
-87.6866989,41.9392586,28.67864453036161
-87.6580811,41.9393463,40.03318321877222
-87.6965942,41.9396553,20.559693071541414
-87.7170792,41.9399986,55.97987651497828
-87.7803802,41.9404907,72.78436845778089
-87.6811447,41.9403229,29.561624971310536
-87.7317963,41.9405937,45.7396449704142
-87.6648102,41.9403992,31.377610889462566
-87.6763077,41.9406967,33.19511633264225
-87.7319031,41.9411163,45.859305431878894
-87.7036514,41.9412193,17.206703910614525
-87.6790695,41.941124,25.86801563577834
-87.7166061,41.9416504,53.650137741046834
-87.6617813,41.9411507,58.217072593993855
-87.7048874,41.9418373,19.589468987059348
-87.6713562,41.9417419,32.86940385061471
-87.6997223,41.9421272,18.200224971878516
-87.7522125,41.9426003,36.058230683090706
-87.7049103,41.942524,19.620535714285715
-87.660408,41.9422913,50.46197583511016
-87.7208328,41.9429703,56.34803921568627
-87.6743317,41.9429359,32.85582255083179
-87.6550598,41.9427376,68.60548271752086
-87.7738113,41.9437103,53.38882282996433
-87.6835022,41.9434395,26.827033218785797
-87.6805496,41.9437256,29.542844015621412
-87.6601791,41.9437027,55.80844001896633
-87.6745071,41.9439125,32.85549132947977
-87.6861115,41.9442024,26.12263505812628
-87.666008,41.9440689,60.03747950339658
-87.7449036,41.944828,34.38027693346842
-87.8286133,41.9452858,106.30252100840336
-87.6836929,41.9445763,27.609890109890113
-87.6577301,41.9446754,55.06901475487863
-87.7056046,41.9451904,25.162738496071828
-87.6596756,41.9450455,56.109134045077106
-87.7529755,41.9455795,87.95366795366796
-87.7203445,41.9458199,40.698538518702
-87.7068558,41.9460487,23.864147548358076
-87.8344116,41.9469223,107.87037037037037
-87.7062225,41.9463806,24.448942869995502
-87.7326965,41.9466743,47.02108157653529
-87.7295685,41.946991,50.859513930053346
-87.6510315,41.9468765,76.47623619779165
-87.7541275,41.9476051,90.56904098686829
-87.6862106,41.9474602,25.89632336149806
-87.6830902,41.9478149,27.256027554535017
-87.7452469,41.9482269,69.42347288949897
-87.7348785,41.948513,36.07855559075071
-87.6733246,41.9483223,32.25058004640371
-87.6585083,41.9482994,63.91998094784472
-87.7070084,41.9488907,24.6031746031746
-87.7672272,41.9493561,56.609485368314836
-87.6721878,41.9489975,30.309374273086764
-87.7002335,41.9494553,22.545454545454547
-87.6717148,41.9494476,32.844506517690874
-87.6649551,41.9495468,64.16470588235295
-87.7342072,41.9501228,36.13736609955892
-87.7555847,41.9503098,79.71486761710794
-87.6875,41.9498405,29.744525547445257
-87.7205276,41.9506264,33.0532212885154
-87.7535095,41.9508553,79.25278219395867
-87.7136841,41.9508018,21.717877094972067
-87.6843719,41.9509697,23.244607618173475
-87.6855927,41.9511185,22.52747252747253
-87.7075958,41.9514275,23.168226432321386
-87.7552032,41.9517326,80.95238095238095
-87.7046432,41.9517326,17.03484399908905
-87.6850891,41.9516602,21.022466758367724
-87.7496643,41.9521828,82.12956068503351
-87.6838989,41.9521027,21.407220050586343
-87.6752014,41.9521179,26.890951276102086
-87.6863403,41.9524918,20.467568187027275
-87.6998215,41.9528656,18.543046357615893
-87.7205963,41.9530182,26.413128418859078
-87.7120132,41.9533119,20.688852687921806
-87.7813416,41.9538307,67.21664275466284
-87.6723022,41.9535141,31.436567164179102
-87.7759552,41.9545364,29.63202065848935
-87.6660385,41.9540329,63.505543760320826
-87.7568436,41.9548798,80.37974683544303
-87.7686386,41.9551277,42.00743494423792
-87.7052612,41.9550438,16.969001148105626
-87.7162781,41.9553032,26.00841375897055
-87.6828461,41.9552956,22.716736207695874
-87.701088,41.9556465,17.268337548861805
-87.6834488,41.9556618,22.530650011566042
-87.7516632,41.956192,83.46303501945526
-87.7502136,41.9563866,84.23851120394986
-87.681488,41.9562073,24.175568973525312
-87.6904907,41.9564819,22.94441892512632
-87.6827774,41.9565735,22.76837468119638
-87.7119217,41.9568939,25.62411681582666
-87.7207184,41.9572372,19.33911159263272
-87.6840515,41.9572639,24.178621008792227
-87.7170563,41.9576302,19.52150674471876
-87.6680374,41.9575272,65.25023607176583
-87.6672211,41.9578323,65.18553533443631
-87.7612915,41.9584656,102.40184757505774
-87.7065887,41.9584961,20.643806857942618
-87.7288818,41.9581985,22.229140722291408
-87.7139511,41.9591408,22.208648912777914
-87.7553635,41.9594498,94.11273486430063
-87.7237625,41.9596138,24.286974419288445
-87.7804489,41.9600449,54.70332850940666
-87.6898727,41.9597435,22.672811059907836
-87.7557755,41.9603424,96.51113913408994
-87.6853561,41.9602509,24.22561257512714
-87.7017593,41.9605141,18.93215201678713
-87.6929626,41.9606361,24.47520184544406
-87.7025375,41.9607925,20.28511334423931
-87.6815643,41.9611549,28.118442527395665
-87.711586,41.9617081,22.08796520057999
-87.6526642,41.9611473,70.58537770221035
-87.720726,41.9622116,19.5004257734885
-87.6704025,41.9622879,64.68506723283794
-87.780426,41.9631195,42.64813460131675
-87.7779846,41.9633179,12.9304286718201
-87.6592407,41.9623528,69.17329476982405
-87.7037735,41.963398,20.40671553558761
-87.7287674,41.9637794,22.278803309993634
-87.7811661,41.9642639,43.42984409799555
-87.6989365,41.9636765,17.013807629300256
-87.7555923,41.9645309,99.23664122137404
-87.7049637,41.9644661,20.265151515151516
-87.7287903,41.9647331,28.14294830887045
-87.6657333,41.9648361,70.57421968072433
-87.7764511,41.9655762,11.458333333333332
-87.7403641,41.9654312,23.318229348204948
-87.6698227,41.9655304,63.898746155665954
-87.7004242,41.96595,15.177304964539006
-87.6846695,41.9661369,27.497089639115252
-87.7653427,41.9667397,110.16427104722793
-87.7718964,41.9670715,36.74219228413962
-87.7295609,41.9669876,19.993498049414825
-87.68367,41.9671288,27.410693439178146
-87.6904449,41.9675865,29.65726276521334
-87.6579895,41.9674683,61.45075206210577
-87.690979,41.9680748,29.95327102803738
-87.7792664,41.9687729,12.344777209642075
-87.756073,41.9691048,86.965904186448
-87.7215958,41.9692955,22.928767960868235
-87.725296,41.9696083,20.088860679149477
-87.7137527,41.9696198,21.5203426124197
-87.7656097,41.9701118,113.03664921465968
-87.7791443,41.9706154,11.592076302274394
-87.680809,41.9703636,26.608531699269385
-87.6685181,41.9700508,55.576694411414984
-87.6861725,41.9707336,33.559718969555036
-87.6813354,41.9710197,27.362715060098985
-87.6808395,41.9713898,26.567656765676567
-87.719902,41.9710655,22.59921235989094
-87.7616425,41.972187,94.50602409638554
-87.6919022,41.9721107,28.028335301062572
-87.6894836,41.972374,29.252819548872182
-87.7803497,41.9731331,13.08980213089802
-87.7204742,41.9730873,18.542635658914726
-87.6545105,41.9728661,62.40804315841098
-87.7875519,41.9742126,14.853195164075995
-87.6882401,41.9740524,26.191599811231715
-87.7542572,41.9746094,81.55172413793103
-87.6937714,41.9745941,27.372699019842216
-87.6553802,41.9746361,62.515352493244905
-87.6529541,41.9748001,61.23554024120108
-87.6657791,41.9755936,67.06138231029483
-87.6900177,41.9761429,26.429933269780744
-87.6863098,41.9765778,27.197149643705465
-87.6608124,41.97686,61.36363636363637
-87.6780853,41.9772224,18.432960228625863
-87.7108078,41.9777527,19.09924937447873
-87.7785339,41.9784737,9.580838323353294
-87.6993561,41.9783173,13.679590343818582
-87.6573639,41.9784164,59.50270802560315
-87.7752075,41.9792862,8.854532677442025
-87.6756134,41.979084,55.18066523091649
-87.6740646,41.9796219,58.18924111431316
-87.8380966,41.9806213,10.677966101694915
-87.6736755,41.9804115,58.258982396913424
-87.6920624,41.9804344,24.032882011605416
-87.7759781,41.98209,8.501440922190202
-87.6656952,41.9819756,65.3535600685099
-87.7794571,41.9831696,8.068269976726144
-87.7711029,41.983429,16.99935608499678
-87.712204,41.9837112,21.540832049306626
-87.6728058,41.9840088,56.04956268221575
-87.6721344,41.9844971,56.17238860482103
-87.7103653,41.9851227,21.422060164083863
-87.7099762,41.9856644,21.448128993002737
-87.7703094,41.9863586,8.516129032258064
-87.6610794,41.9861794,56.49703557312253
-87.6611023,41.9867973,56.4755313890262
-87.6557007,41.9866791,53.819358049265986
-87.662323,41.987587,62.811959476155174
-87.6611481,41.988327,53.35479078979945
-87.7824097,41.9895668,10.677966101694915
-87.6905136,41.9898453,12.074534161490682
-87.7340012,41.9909096,8.881456707543665
-87.6949158,41.9914856,10.262405819693427
-87.7034378,41.9918938,11.104441776710685
-87.7868042,41.9928093,11.390134529147982
-87.6979141,41.9927864,10.173697270471465
-87.7088623,41.9934235,15.544554455445544
-87.6617279,41.9938736,52.96044343663391
-87.8079529,41.9951324,6.287787182587666
-87.6579742,41.9951859,52.40994419076611
-87.7084274,41.9958801,16.038056405028883
-87.6656876,41.9962883,57.1066632885736
-87.7969742,41.9972801,5.573770491803279
-87.686554,41.9971352,9.925812228191354
-87.7937164,41.9984932,8.428720083246619
-87.7085648,41.9988899,16.474694589877835
-87.8118744,41.9997292,5.228758169934641
-87.6920319,41.999897,9.262387387387387
-87.6625214,42.0001564,54.71070148489503
-87.813591,42.0015297,8.155080213903744
-87.6735916,42.0019341,57.08088798162797
-87.6713867,42.0028915,57.26386036960985
-87.6970215,42.0041351,9.69119579500657
-87.6715317,42.0050812,57.84288306974332
-87.6799927,42.0058327,51.621549182524795
-87.6646423,42.0071754,56.13392623594036
-87.6884766,42.0083542,8.92638036809816
-87.6643524,42.0094948,42.796722178165474
-87.7876205,42.0111923,1.9427402862985685
-87.7077942,42.0083771,17.539947974730584
-87.670929,42.0123482,55.6986301369863
-87.6780014,42.0134583,60.11269276393831
-87.6812744,42.0143433,59.38287153652393
-87.6644592,42.0155678,30.92841163310962
-87.6892395,42.0166245,7.501794687724336
-87.6637802,42.0184402,32.020845396641576
-87.6684036,42.0214005,61.866581141757536
-87.625946,41.6813774,7.560975609756097
-87.641922,41.7072029,6.122448979591836
-87.574913,41.7399445,234.41295546558703
-87.5642242,41.7552109,31.14406779661017
-87.6286163,41.7688026,50.88513791683821
-87.6103134,41.7750549,43.576158940397356
-87.6015396,41.7809982,62.63537906137184
-87.6495132,41.7884254,29.883192731992214
-87.693512,41.7957306,4.595879556259905
-87.6875687,41.8017502,11.592097617664148
-87.6074677,41.810112,29.131175468483818
-87.6175003,41.8191948,29.86425339366516
-87.6176758,41.82724,41.464855286473714
-87.6519928,41.8373184,32.656095143706644
-87.64431,41.8456268,35.61507936507937
-87.6809387,41.8532715,44.10093203000682
-87.6555939,41.8563881,33.35702440180052
-87.6463928,41.8595314,45.72257129047849
-87.6937256,41.8658714,40.22783113692205
-87.6270752,41.8711739,84.84696437531359
-87.7613373,41.8772202,72.95501022494888
-87.7703629,41.8813171,83.03677342823251
-87.6591187,41.8832207,50.78677309007982
-87.645256,41.8875923,65.29137529137529
-87.6189346,41.8914223,71.04004029211785
-87.6851044,41.893692,38.54610724702715
-87.714386,41.8957596,35.429314830875974
-87.7056808,41.8985481,41.236888111888106
-87.6249237,41.9003525,71.35874877810362
-87.6272812,41.9037552,73.11723129417499
-87.6660538,41.9081917,59.14450867052024
-87.6401825,41.9108086,66.14546316038853
-87.7155304,41.9151917,17.82608695652174
-87.7746964,41.9193916,84.69093009820912
-87.6615601,41.9218903,57.015694542047314
-87.6678543,41.9276276,52.73148148148148
-87.6614914,41.9323273,33.11382878645344
-87.6494446,41.9349976,70.16957248626701
-87.7182617,41.9389458,56.17383306507243
-87.6823959,41.9416046,29.63982564808442
-87.7044296,41.9444351,23.447657475902265
-87.7527466,41.9485321,87.91972211501351
-87.705246,41.9546394,16.99885452462772
-87.6989822,41.9615059,16.999535531816072
-87.7566605,41.9694862,87.73996509598604
-87.6998291,41.977375,13.652956923825748
-87.6721115,41.9901085,64.57298907646475
-87.6665726,42.0040512,58.428423236514526
-87.5680008,41.7215691,304.9079754601227
-87.6361847,41.8504601,25.840441545408932
-87.6503143,41.8616486,47.6780185758514
-87.6767044,41.8773384,39.93288590604027
-87.6693954,41.900856,64.16609314062859
-87.6788254,41.9141045,52.79291553133515
-87.6624146,41.9261742,51.98310255808496
-87.7432861,41.9513588,68.00681431005111
-87.7353287,41.9888649,8.84857460199926
-87.627243,41.8304367,41.151919866444075
-87.657547,41.9459915,63.07142857142857
